Seq.No,School_Name,School Address,Full Address,Province,province_weblink,District,Zone,Education Division,School Level,Type,Year Span,Gender,Medium,latitude,longitude
1,COLOMBO ANANDA COLLEGE,COLOMBO 10,"COLOMBO ANANDA COLLEGE, COLOMBO 10, Sri Lanka",Western,http://www.wpedu.sch.lk/,Colombo,Colombo,Borella,National,1AB,4.Grd 1-13,1.Boys,Sinhala/English,6.93395,79.8498715
2,COLOMBO NALANDA COLLEGE,"SIRI DAMMA MW, COLOMBO 10","COLOMBO NALANDA COLLEGE, SIRI DAMMA MW, COLOMBO 10, Sri Lanka",Western,http://www.wpedu.sch.lk/,Colombo,Colombo,Borella,National,1AB,4.Grd 1-13,1.Boys,Sinhala/English,6.93395,79.8498715
3,COLOMBO THURSTAN COLLEGE,COLOMBO 07,"COLOMBO THURSTAN COLLEGE, COLOMBO 07, Sri Lanka",Western,http://www.wpedu.sch.lk/,Colombo,Colombo,Borella,National,1AB,4.Grd 1-13,1.Boys,Sinhala/English,6.903731,79.859897
4,COLOMBO ROYAL COLLEGE,"RAJAKEEYA MW, COLOMBO 07","COLOMBO ROYAL COLLEGE, RAJAKEEYA MW, COLOMBO 07, Sri Lanka",Western,http://www.wpedu.sch.lk/,Colombo,Colombo,Borella,National,1AB,4.Grd 1-13,1.Boys,Sinhala/Tamil/English,6.904795,79.861465
5,COLOMBO D.S.SENANAYAKE COLLEGE,"R.G.SENANAYAKE MW, COLOMBO 07","COLOMBO D.S.SENANAYAKE COLLEGE, R.G.SENANAYAKE MW, COLOMBO 07, Sri Lanka",Western,http://www.wpedu.sch.lk/,Colombo,Colombo,Borella,National,1AB,4.Grd 1-13,1.Boys,Sinhala/Tamil/English,6.909151,79.875831
6,COLOMBO ANANDA B.V.,"REV. HIKKADUWA SRI SUMANGALA NAHIMI MW, COLOMBO 10","COLOMBO ANANDA B.V., REV. HIKKADUWA SRI SUMANGALA NAHIMI MW, COLOMBO 10, Sri Lanka",Western,http://www.wpedu.sch.lk/,Colombo,Colombo,Borella,National,1AB,6.Grd 6-13,2.Girls,Sinhala/English,6.93395,79.8498715
7,COLOMBO GOTHAMI B.V.,"TEMPLE ROAD, COLOMBO 10","COLOMBO GOTHAMI B.V., TEMPLE ROAD, COLOMBO 10, Sri Lanka",Western,http://www.wpedu.sch.lk/,Colombo,Colombo,Borella,National,1AB,6.Grd 6-13,2.Girls,Sinhala/English,6.93395,79.8498715
8,HAMEED AL-HUSSEINIE COLLEGE,"45, HUSSEINIA ROAD, COLOMBO-12","HAMEED AL-HUSSEINIE COLLEGE, 45, HUSSEINIA ROAD, COLOMBO-12, Sri Lanka",Western,http://www.wpedu.sch.lk/,Colombo,Colombo,Colombo Central,National,1AB,4.Grd 1-13,1.Boys,Sinhala/Tamil,6.941225,79.860069
9,VIVEKANANDA NATIONAL SCHOOL,"57, NEW CHETTY STREET, COLOMBO-13","VIVEKANANDA NATIONAL SCHOOL, 57, NEW CHETTY STREET, COLOMBO-13, Sri Lanka",Western,http://www.wpedu.sch.lk/,Colombo,Colombo,Colombo Central,National,1AB,4.Grd 1-13,3.Mixed,Tamil/English,6.944814393,79.85973049
10,KOTAHENA M.M.V.,"MAHA VIDYALA MW, COLOMBO 13","KOTAHENA M.M.V., MAHA VIDYALA MW, COLOMBO 13, Sri Lanka",Western,http://www.wpedu.sch.lk/,Colombo,Colombo,Colombo Central,National,1AB,6.Grd 6-13,3.Mixed,Sinhala/English,6.9459,79.8617
11,COLOMBO MAHANAMA COLLEGE,"R A DE MEL MAWATHA, COLOMBO 03","COLOMBO MAHANAMA COLLEGE, R A DE MEL MAWATHA, COLOMBO 03, Sri Lanka",Western,http://www.wpedu.sch.lk/,Colombo,Colombo,Colombo South,National,1AB,4.Grd 1-13,1.Boys,Sinhala/English,6.905642,79.853814
12,COLOMBO ISIPATHANA COLLEGE,"ISIPATHANA MW, COLOMBO-05","COLOMBO ISIPATHANA COLLEGE, ISIPATHANA MW, COLOMBO-05, Sri Lanka",Western,http://www.wpedu.sch.lk/,Colombo,Colombo,Colombo South,National,1AB,4.Grd 1-13,1.Boys,Sinhala/Tamil/English,6.93395,79.8498715
13,BAMBALAPITIYA HINDU COLLEGE,"77, LORENZ ROAD, COLOMBO 04","BAMBALAPITIYA HINDU COLLEGE, 77, LORENZ ROAD, COLOMBO 04, Sri Lanka",Western,http://www.wpedu.sch.lk/,Colombo,Colombo,Colombo South,National,1AB,4.Grd 1-13,1.Boys,Tamil/English,6.9039648,79.8539001
14,COLOMBO SIRIMAVO BANDARANAYAKE V.,"STANMORE CRESCENT, COLOMBO 07","COLOMBO SIRIMAVO BANDARANAYAKE V., STANMORE CRESCENT, COLOMBO 07, Sri Lanka",Western,http://www.wpedu.sch.lk/,Colombo,Colombo,Colombo South,National,1AB,4.Grd 1-13,2.Girls,Sinhala/English,6.93395,79.8498715
15,MILAGIRIYA ST. PAUL'S GIRL'S SCHOOL,"MILAGIRIYA, COLOMBO 05","MILAGIRIYA ST. PAUL'S GIRL'S SCHOOL, MILAGIRIYA, COLOMBO 05, Sri Lanka",Western,http://www.wpedu.sch.lk/,Colombo,Colombo,Colombo South,National,1AB,4.Grd 1-13,2.Girls,Sinhala/English,6.8909516,79.8569263
16,COLOMBO VISAKHA V.,"133, VAJIRA RD, COLOMBO 05","COLOMBO VISAKHA V., 133, VAJIRA RD, COLOMBO 05, Sri Lanka",Western,http://www.wpedu.sch.lk/,Colombo,Colombo,Colombo South,National,1AB,4.Grd 1-13,2.Girls,Sinhala/English,6.93395,79.8498715
17,BAMBALAPITIYA MUSLIM LADIES COLLEGE,"22, BAMBALAPITIYA, COLOMBO-04","BAMBALAPITIYA MUSLIM LADIES COLLEGE, 22, BAMBALAPITIYA, COLOMBO-04, Sri Lanka",Western,http://www.wpedu.sch.lk/,Colombo,Colombo,Colombo South,National,1AB,4.Grd 1-13,2.Girls,Sinhala/Tamil/English,6.9039648,79.8539001
18,BAMBALAPITIYA RAMANATHAN HINDU LADIES COLLEGE,"55/5, LORENCE RD, COLOMBO-04","BAMBALAPITIYA RAMANATHAN HINDU LADIES COLLEGE, 55/5, LORENCE RD, COLOMBO-04, Sri Lanka",Western,http://www.wpedu.sch.lk/,Colombo,Colombo,Colombo South,National,1AB,4.Grd 1-13,2.Girls,Tamil/English,6.883939,79.860534
19,COLOMBO LUMBINI V.,"HAVELOCK TOWN, COLOMBO 05","COLOMBO LUMBINI V., HAVELOCK TOWN, COLOMBO 05, Sri Lanka",Western,http://www.wpedu.sch.lk/,Colombo,Colombo,Colombo South,National,1AB,4.Grd 1-13,3.Mixed,Sinhala/English,6.8862151,79.863066
20,DEFENCE SERVICES COLLEGE,"34, MALAY ST, COLOMBO-02","DEFENCE SERVICES COLLEGE, 34, MALAY ST, COLOMBO-02, Sri Lanka",Western,http://www.wpedu.sch.lk/,Colombo,Colombo,Colombo South,National,1AB,4.Grd 1-13,3.Mixed,Sinhala/English,6.926497,79.850393
21,COLOMBO DEVI B.V.,COLOMBO-08,"COLOMBO DEVI B.V., COLOMBO-08, Sri Lanka",Western,http://www.wpedu.sch.lk/,Colombo,Colombo,Colombo South,National,1AB,6.Grd 6-13,2.Girls,Sinhala/English,6.93395,79.8498715
22,AVISSAWELLA SEETHAWAKA M.M.V.,AVISSAWELLA,"AVISSAWELLA SEETHAWAKA M.M.V., AVISSAWELLA, Sri Lanka",Western,http://www.wpedu.sch.lk/,Colombo,Homagama,Hanwella,National,1AB,4.Grd 1-13,3.Mixed,Sinhala,6.95368,80.21031
23,HANWELLA RAJASINGHE CENTRAL COLLEGE,"SCHOOL LANE, HANWELLA","HANWELLA RAJASINGHE CENTRAL COLLEGE, SCHOOL LANE, HANWELLA, Sri Lanka",Western,http://www.wpedu.sch.lk/,Colombo,Homagama,Hanwella,National,1AB,6.Grd 6-13,3.Mixed,Sinhala/English,7.3532113,80.8757396
24,HOMAGAMA MAHINDA RAJAPAKSHA COLLEGE,"PITIPANA, HOMAGAMA","HOMAGAMA MAHINDA RAJAPAKSHA COLLEGE, PITIPANA, HOMAGAMA, Sri Lanka",Western,http://www.wpedu.sch.lk/,Colombo,Homagama,Homagama,National,1AB,6.Grd 6-13,3.Mixed,Sinhala/English,6.8402,80.0207
25,SUNEETHA VIDYALAYA,"WATAREKA , PADUKKA","SUNEETHA VIDYALAYA, WATAREKA , PADUKKA, Sri Lanka",Western,http://www.wpedu.sch.lk/,Colombo,Homagama,Homagama,National,Type 2,5.Grd 6-11,1.Boys,Sinhala,6.8551079,80.0700347
26,DEHIWALA PRESBYTERIAN B.V,DEHIWALA,"DEHIWALA PRESBYTERIAN B.V, DEHIWALA, Sri Lanka",Western,http://www.wpedu.sch.lk/,Colombo,Piliyandala,Dehiwala,National,1AB,4.Grd 1-13,2.Girls,Sinhala/English,6.85706,79.86859
27,PILIYANDALA M.M.V.,PILIYANDALA,"PILIYANDALA M.M.V., PILIYANDALA, Sri Lanka",Western,http://www.wpedu.sch.lk/,Colombo,Piliyandala,Kesbewa,National,1AB,6.Grd 6-13,3.Mixed,Sinhala/English,6.7999,79.9249
28,MORATUWA PRINCE OF WALES COLLEGE,MORATUWA,"MORATUWA PRINCE OF WALES COLLEGE, MORATUWA, Sri Lanka",Western,http://www.wpedu.sch.lk/,Colombo,Piliyandala,Moratuwa,National,1AB,4.Grd 1-13,1.Boys,Sinhala/English,6.7745227,79.882978
29,MORATUWA PRINCESS OF WALES' COLLEGE,"RAWATHAWATHA, MORATUWA","MORATUWA PRINCESS OF WALES' COLLEGE, RAWATHAWATHA, MORATUWA, Sri Lanka",Western,http://www.wpedu.sch.lk/,Colombo,Piliyandala,Moratuwa,National,1AB,4.Grd 1-13,2.Girls,Sinhala/English,6.7916284,79.8888141
30,BATTARAMULLA SUBHUTHI NATIONAL SCHOOL,BATTARAMULLA,"BATTARAMULLA SUBHUTHI NATIONAL SCHOOL, BATTARAMULLA, Sri Lanka",Western,http://www.wpedu.sch.lk/,Colombo,Sri Jayawardenapura,Kaduwela,National,1AB,4.Grd 1-13,3.Mixed,Sinhala/English,6.8964,79.9181
31,BOMIRIYA CENTRAL COLLEGE,KADUWELA,"BOMIRIYA CENTRAL COLLEGE, KADUWELA, Sri Lanka",Western,http://www.wpedu.sch.lk/,Colombo,Sri Jayawardenapura,Kaduwela,National,1AB,6.Grd 6-13,3.Mixed,Sinhala/English,7.3950672,80.6609378
32,KOLONNAWA BALIKA VIDYALAYA,"SUGUNASARA ROAD, KOLONNAWA","KOLONNAWA BALIKA VIDYALAYA, SUGUNASARA ROAD, KOLONNAWA, Sri Lanka",Western,http://www.wpedu.sch.lk/,Colombo,Sri Jayawardenapura,Kolonnawa,National,1AB,4.Grd 1-13,2.Girls,Sinhala/English,6.9333812,79.8918629
33,KUDA BUTHGAMUWA SRI RAJASINGHE CENTRAL COLLEGE,"KUDA BUTHGAMUWA, MULLERIYAWA NEW TOWN","KUDA BUTHGAMUWA SRI RAJASINGHE CENTRAL COLLEGE, KUDA BUTHGAMUWA, MULLERIYAWA NEW TOWN, Sri Lanka",Western,http://www.wpedu.sch.lk/,Colombo,Sri Jayawardenapura,Kolonnawa,National,1AB,6.Grd 6-13,3.Mixed,Sinhala,6.937115841,79.91652438
34,PANNIPITIYA DHARMAPALA VIDYALAYA,PANNIPITIYA,"PANNIPITIYA DHARMAPALA VIDYALAYA, PANNIPITIYA, Sri Lanka",Western,http://www.wpedu.sch.lk/,Colombo,Sri Jayawardenapura,Maharagama,National,1AB,4.Grd 1-13,3.Mixed,Sinhala/English,6.8462,79.9448
35,KOTTE ANANDA SHASTHRALAYA,KOTTE,"KOTTE ANANDA SHASTHRALAYA, KOTTE, Sri Lanka",Western,http://www.wpedu.sch.lk/,Colombo,Sri Jayawardenapura,Nugegoda,National,1AB,4.Grd 1-13,1.Boys,Sinhala/English,6.883302325,79.90399053
36,RAJAGIRIYA PRESIDENT'S COLLEGE,RAJAGIRIYA,"RAJAGIRIYA PRESIDENT'S COLLEGE, RAJAGIRIYA, Sri Lanka",Western,http://www.wpedu.sch.lk/,Colombo,Sri Jayawardenapura,Nugegoda,National,1AB,4.Grd 1-13,1.Boys,Sinhala/English,7.2470098,80.5779558
37,NUGEGODA ANULA VIDYALAYA,NUGEGODA,"NUGEGODA ANULA VIDYALAYA, NUGEGODA, Sri Lanka",Western,http://www.wpedu.sch.lk/,Colombo,Sri Jayawardenapura,Nugegoda,National,1AB,4.Grd 1-13,2.Girls,Sinhala/English,6.874757,79.8935775
38,VEYANGODA BANDARANAYAKE CENTRAL COLLEGE,VEYANGODA,"VEYANGODA BANDARANAYAKE CENTRAL COLLEGE, VEYANGODA, Sri Lanka",Western,http://www.wpedu.sch.lk/,Gampaha,Gampaha,Attanagalla,National,1AB,6.Grd 6-13,3.Mixed,Sinhala/English,7.3559022,80.5608471
39,NITTAMBUWA SANGABODHI M.M.V.,NITTAMBUWA,"NITTAMBUWA SANGABODHI M.M.V., NITTAMBUWA, Sri Lanka",Western,http://www.wpedu.sch.lk/,Gampaha,Gampaha,Attanagalla,National,1AB,6.Grd 6-13,3.Mixed,Sinhala/English,7.1426,80.0938
40,SIYANE NATIONAL SCHOOL,"PALUGAMA, DOMPE","SIYANE NATIONAL SCHOOL, PALUGAMA, DOMPE, Sri Lanka",Western,http://www.wpedu.sch.lk/,Gampaha,Gampaha,Dompe (Weke),National,1AB,6.Grd 6-13,3.Mixed,Sinhala,6.9373882,80.0721826
41,GAMPAHA BANDARANAYAKE M.V.,"YAKKALA ROAD, GAMPAHA","GAMPAHA BANDARANAYAKE M.V., YAKKALA ROAD, GAMPAHA, Sri Lanka",Western,http://www.wpedu.sch.lk/,Gampaha,Gampaha,Gampaha,National,1AB,6.Grd 6-13,1.Boys,Sinhala/English,7.093209915,80.01787083
42,GAMPAHA RATHNAWALEE BALIKA V.,"COLOMBO ROAD, GAMPAHA","GAMPAHA RATHNAWALEE BALIKA V., COLOMBO ROAD, GAMPAHA, Sri Lanka",Western,http://www.wpedu.sch.lk/,Gampaha,Gampaha,Gampaha,National,1AB,6.Grd 6-13,2.Girls,Sinhala/English,7.0933385,79.9936897
43,GALAHITIYAWA CENTRAL COLLEGE,"GALAHITIYAWA, GANEMULLA","GALAHITIYAWA CENTRAL COLLEGE, GALAHITIYAWA, GANEMULLA, Sri Lanka",Western,http://www.wpedu.sch.lk/,Gampaha,Gampaha,Gampaha,National,1AB,6.Grd 6-13,3.Mixed,Sinhala/English,7.26667,80.86667
44,AL-MUBARAK NATIONAL SCHOOL,MALWANA,"AL-MUBARAK NATIONAL SCHOOL, MALWANA, Sri Lanka",Western,http://www.wpedu.sch.lk/,Gampaha,Kelaniya,Biyagama,National,1AB,6.Grd 6-13,3.Mixed,Tamil/English,7.6038572,80.2246808
45,KIRIBATHGODA VIHARAMAHADEVI B.V.,KIRIBATHGODA,"KIRIBATHGODA VIHARAMAHADEVI B.V., KIRIBATHGODA, Sri Lanka",Western,http://www.wpedu.sch.lk/,Gampaha,Kelaniya,Kelaniya,National,1AB,4.Grd 1-13,2.Girls,Sinhala/English,6.9831967,79.9266357
46,KELANIYA GURUKULA  V.,KELANIYA,"KELANIYA GURUKULA  V., KELANIYA, Sri Lanka",Western,http://www.wpedu.sch.lk/,Gampaha,Kelaniya,Kelaniya,National,1AB,4.Grd 1-13,3.Mixed,Sinhala/English,6.9533607,79.9192447
47,KELANIYA SRI DHARMALOKA M.M.V,"WARAGODA RD, KELANIYA","KELANIYA SRI DHARMALOKA M.M.V, WARAGODA RD, KELANIYA, Sri Lanka",Western,http://www.wpedu.sch.lk/,Gampaha,Kelaniya,Kelaniya,National,1AB,4.Grd 1-13,3.Mixed,Sinhala/English,6.954449557,79.91850767
48,HENEGAMA CENTRAL COLLEGE,HENEGAMA,"HENEGAMA CENTRAL COLLEGE, HENEGAMA, Sri Lanka",Western,http://www.wpedu.sch.lk/,Gampaha,Kelaniya,Mahara,National,1AB,6.Grd 6-13,3.Mixed,Sinhala/English,7.381469,80.5444971
49,WATTALA ST. ANTHONY'S M.V.,"VINSTANT JHOSEP MW, OLD NEGOMBO RD,WATTALA","WATTALA ST. ANTHONY'S M.V., VINSTANT JHOSEP MW, OLD NEGOMBO RD,WATTALA, Sri Lanka",Western,http://www.wpedu.sch.lk/,Gampaha,Kelaniya,Wattala,National,1AB,4.Grd 1-13,1.Boys,Sinhala/Tamil/English,6.9909222,79.8931422
50,MIRIGAMA D.S.SENANAYAKA NATIONAL SCHOOL,MIRIGAMA,"MIRIGAMA D.S.SENANAYAKA NATIONAL SCHOOL, MIRIGAMA, Sri Lanka",Western,http://www.wpedu.sch.lk/,Gampaha,Minuwangoda,Meerigama,National,1AB,6.Grd 6-13,3.Mixed,Sinhala/English,7.2432362,80.1274878
51,MINUWANGODA NALANDA BOYS M.M.V,MINUWANGODA,"MINUWANGODA NALANDA BOYS M.M.V, MINUWANGODA, Sri Lanka",Western,http://www.wpedu.sch.lk/,Gampaha,Minuwangoda,Minuwangoda,National,1AB,4.Grd 1-13,1.Boys,Sinhala/English,7.17836,79.95982
52,UDUGAMPOLA SENERATH PARANAVITHANA M.V.,UDUGAMPOLA,"UDUGAMPOLA SENERATH PARANAVITHANA M.V., UDUGAMPOLA, Sri Lanka",Western,http://www.wpedu.sch.lk/,Gampaha,Minuwangoda,Minuwangoda,National,1AB,6.Grd 6-13,3.Mixed,Sinhala/English,7.11667,79.98333
53,JA-ELA CHRIST KING COLLEGE,"THUDELLA, JA-ELA","JA-ELA CHRIST KING COLLEGE, THUDELLA, JA-ELA, Sri Lanka",Western,http://www.wpedu.sch.lk/,Gampaha,Negombo,Ja-Ela,National,1AB,4.Grd 1-13,1.Boys,Sinhala,7.090038903,79.89112365
54,KOTUGODA SRI PANGNANANDA NATIONAL COLLEGE,"RADDOLUWA, KOTUGODA","KOTUGODA SRI PANGNANANDA NATIONAL COLLEGE, RADDOLUWA, KOTUGODA, Sri Lanka",Western,http://www.wpedu.sch.lk/,Gampaha,Negombo,Katana,National,1AB,6.Grd 6-13,3.Mixed,Sinhala/English,7.1186701,79.9187955
55,NEGOMBO NEWSTEAD GIRLS COLLEGE,NEGOMBO,"NEGOMBO NEWSTEAD GIRLS COLLEGE, NEGOMBO, Sri Lanka",Western,http://www.wpedu.sch.lk/,Gampaha,Negombo,Negombo,National,1AB,4.Grd 1-13,2.Girls,Sinhala/English,7.2113917,79.8414753
56,NEGOMBO HARISHCHANDRA NATIONAL SCHOOL,"TEMPLE RD, NEGOMBO","NEGOMBO HARISHCHANDRA NATIONAL SCHOOL, TEMPLE RD, NEGOMBO, Sri Lanka",Western,http://www.wpedu.sch.lk/,Gampaha,Negombo,Negombo,National,1AB,4.Grd 1-13,3.Mixed,Sinhala/English,7.2113917,79.8414753
57,BANDARAGAMA M.M.V.,BANDARAGAMA,"BANDARAGAMA M.M.V., BANDARAGAMA, Sri Lanka",Western,http://www.wpedu.sch.lk/,Kalutara,Horana,Bandaragama,National,1AB,4.Grd 1-13,3.Mixed,Sinhala,6.7130133,79.9897681
58,BULATHSINHALA M.M.V,BULATHSINHALA,"BULATHSINHALA M.M.V, BULATHSINHALA, Sri Lanka",Western,http://www.wpedu.sch.lk/,Kalutara,Horana,Bulathsinhala,National,1AB,6.Grd 6-13,3.Mixed,Sinhala/English,6.6449668,80.179676
59,HORANA SRIPALEE M.V.,"WEWALA, HORANA","HORANA SRIPALEE M.V., WEWALA, HORANA, Sri Lanka",Western,http://www.wpedu.sch.lk/,Kalutara,Horana,Horana,National,1AB,4.Grd 1-13,3.Mixed,Sinhala/English,6.7046241,80.0653114
60,HORANA RAJAKEEYA M.V.,HORANA,"HORANA RAJAKEEYA M.V., HORANA, Sri Lanka",Western,http://www.wpedu.sch.lk/,Kalutara,Horana,Horana,National,1AB,4.Grd 1-13,3.Mixed,Sinhala/English,6.7181874,80.0682766
61,HORANA TAXILA M.M.V,"AGURUWATHOTA ROAD, HORANA","HORANA TAXILA M.M.V, AGURUWATHOTA ROAD, HORANA, Sri Lanka",Western,http://www.wpedu.sch.lk/,Kalutara,Horana,Horana,National,1AB,6.Grd 6-13,3.Mixed,Sinhala/English,6.7181874,80.0682766
62,BERUWALA AL HUMAISARA CENTRAL COLLEGE,CHINA FORT BERUWALA,"BERUWALA AL HUMAISARA CENTRAL COLLEGE, CHINA FORT BERUWALA, Sri Lanka",Western,http://www.wpedu.sch.lk/,Kalutara,Kalutara,Beruwala,National,1AB,4.Grd 1-13,1.Boys,Tamil,6.4665,79.9855
63,ALUTHGAM WEEDIYA MUSLIM BALIKA M.V.,DHARGA TOWN,"ALUTHGAM WEEDIYA MUSLIM BALIKA M.V., DHARGA TOWN, Sri Lanka",Western,http://www.wpedu.sch.lk/,Kalutara,Kalutara,Beruwala,National,1AB,4.Grd 1-13,2.Girls,Tamil/English,6.4431181,80.0037696
64,ALUTHGAMA NATIONAL SCHOOL,ALUTHGAMA,"ALUTHGAMA NATIONAL SCHOOL, ALUTHGAMA, Sri Lanka",Western,http://www.wpedu.sch.lk/,Kalutara,Kalutara,Beruwala,National,1AB,4.Grd 1-13,3.Mixed,Sinhala/English,6.43257,79.99919
65,D S SENANAYAKA NATIONAL SCHOOL,BERUWALA,"D S SENANAYAKA NATIONAL SCHOOL, BERUWALA, Sri Lanka",Western,http://www.wpedu.sch.lk/,Kalutara,Kalutara,Beruwala,National,1AB,6.Grd 6-13,3.Mixed,Sinhala,6.4768802,79.9831888
66,DODANGODA MIRISWATTA NATIONAL SCHOOL,DODANGODA,"DODANGODA MIRISWATTA NATIONAL SCHOOL, DODANGODA, Sri Lanka",Western,http://www.wpedu.sch.lk/,Kalutara,Kalutara,Dodangoda,National,1AB,4.Grd 1-13,3.Mixed,Sinhala,6.5336246,80.0352025
67,KALUTARA M.V.,KALUTARA SOUTH,"KALUTARA M.V., KALUTARA SOUTH, Sri Lanka",Western,http://www.wpedu.sch.lk/,Kalutara,Kalutara,Kalutara,National,1AB,4.Grd 1-13,1.Boys,Sinhala/English,6.5831,79.9593
68,KALUTARA BALIKA M.V.,"OLD ROAD, KALUTARA SOUTH","KALUTARA BALIKA M.V., OLD ROAD, KALUTARA SOUTH, Sri Lanka",Western,http://www.wpedu.sch.lk/,Kalutara,Kalutara,Kalutara,National,1AB,4.Grd 1-13,2.Girls,Sinhala/English,6.5831,79.9593
69,KALUTARA TISSA M.M.V.,"NAGAS JUNCTION, KALUTARA NORTH","KALUTARA TISSA M.M.V., NAGAS JUNCTION, KALUTARA NORTH, Sri Lanka",Western,http://www.wpedu.sch.lk/,Kalutara,Kalutara,Kalutara,National,1AB,4.Grd 1-13,3.Mixed,Sinhala/English,6.5923558,79.9544808
70,PANADURA SRI SUMANGALA COLLEGE,"HORANA ROAD, PANADURA","PANADURA SRI SUMANGALA COLLEGE, HORANA ROAD, PANADURA, Sri Lanka",Western,http://www.wpedu.sch.lk/,Kalutara,Kalutara,Panadura,National,1AB,4.Grd 1-13,1.Boys,Sinhala/English,6.708168,79.915829
71,PANADURA SRI SUMANGALA BALIKA M.V.,"NALLURUWA, PANADURA","PANADURA SRI SUMANGALA BALIKA M.V., NALLURUWA, PANADURA, Sri Lanka",Western,http://www.wpedu.sch.lk/,Kalutara,Kalutara,Panadura,National,1AB,4.Grd 1-13,2.Girls,Sinhala/English,6.6969104,79.9162042
72,PANADURA ST. JOHN'S M.V.,"UDAHAMULLA, PANADURA","PANADURA ST. JOHN'S M.V., UDAHAMULLA, PANADURA, Sri Lanka",Western,http://www.wpedu.sch.lk/,Kalutara,Kalutara,Panadura,National,1AB,6.Grd 6-13,3.Mixed,Sinhala/English,6.721737,79.913125
73,MATUGAMA ANANDA SASTRALAYA,MATUGAMA,"MATUGAMA ANANDA SASTRALAYA, MATUGAMA, Sri Lanka",Western,http://www.wpedu.sch.lk/,Kalutara,Matugama,Matugama,National,1AB,4.Grd 1-13,3.Mixed,Sinhala/English,6.523414943,80.11700292
74,MATUGAMA C.W.W. KANNANGARA M.M.V.,MATUGAMA,"MATUGAMA C.W.W. KANNANGARA M.M.V., MATUGAMA, Sri Lanka",Western,http://www.wpedu.sch.lk/,Kalutara,Matugama,Matugama,National,1AB,4.Grd 1-13,3.Mixed,Sinhala/Tamil/English,6.5222511,80.114793
75,D.B.WIJETHUNGA N.S,MURUTHAGAHAMULA,"D.B.WIJETHUNGA N.S, MURUTHAGAHAMULA, Sri Lanka",Central,https://cpedu.lk/,Kandy,Denuwara,Udunuwara,National,1AB,6.Grd 6-13,3.Mixed,Sinhala/English,7.2047812,80.5869314
76,AL-MANAR CENTRAL COLLEGE(N.S.),HANDESSA,"AL-MANAR CENTRAL COLLEGE(N.S.), HANDESSA, Sri Lanka",Central,https://cpedu.lk/,Kandy,Denuwara,Udunuwara,National,1AB,6.Grd 6-13,3.Mixed,Tamil/English,7.2303424,80.5831261
77,KADUGANNAWA N.S,KADUGANNAWA,"KADUGANNAWA N.S, KADUGANNAWA, Sri Lanka",Central,https://cpedu.lk/,Kandy,Denuwara,Yatinuwara,National,1AB,6.Grd 6-13,3.Mixed,Sinhala/English,7.257511,80.5209663
78,SRI SWARNAJOTHI NATINAL SCHOOL,KIRIBATHIKUBURA,"SRI SWARNAJOTHI NATINAL SCHOOL, KIRIBATHIKUBURA, Sri Lanka",Central,https://cpedu.lk/,Kandy,Denuwara,Yatinuwara,National,1AB,6.Grd 6-13,3.Mixed,Sinhala/English,7.273412,80.5816171
79,SENADHIKARI NATIONAL SCHOOL,UDAHENTHENNA,"SENADHIKARI NATIONAL SCHOOL, UDAHENTHENNA, Sri Lanka",Central,https://cpedu.lk/,Kandy,Gampola,Ganga Ihala Korale,National,1C,4.Grd 1-13,3.Mixed,Sinhala,7.0905368,80.5182894
80,ANURUDDA KUMARA MMV,NAWALAPITIYA,"ANURUDDA KUMARA MMV, NAWALAPITIYA, Sri Lanka",Central,https://cpedu.lk/,Kandy,Gampola,Pasbage Korale,National,1AB,4.Grd 1-13,1.Boys,Sinhala/English,7.0561295,80.5348324
81,GAMPOLA ZAHIRA NATIONAL SCHOOL,GAMPOLA,"GAMPOLA ZAHIRA NATIONAL SCHOOL, GAMPOLA, Sri Lanka",Central,https://cpedu.lk/,Kandy,Gampola,Udapalatha,National,1AB,4.Grd 1-13,3.Mixed,Sinhala/Tamil/English,7.1717602,80.5741214
82,GAMPOLA WICKRAMABAHU MADYA VIDYALAYA,GAMPOLA,"GAMPOLA WICKRAMABAHU MADYA VIDYALAYA, GAMPOLA, Sri Lanka",Central,https://cpedu.lk/,Kandy,Gampola,Udapalatha,National,1AB,6.Grd 6-13,3.Mixed,Sinhala/English,7.1625392,80.5668591
83,ATABAGE WIMALADHARMA N.S.,"ATABAGE, GAMPOLA","ATABAGE WIMALADHARMA N.S., ATABAGE, GAMPOLA, Sri Lanka",Central,https://cpedu.lk/,Kandy,Gampola,Udapalatha,National,1C,4.Grd 1-13,3.Mixed,Sinhala/English,7.1625392,80.5668591
84,HINDU N.S.,"NUWARA ELIYA ROAD, PUSSELLAWA","HINDU N.S., NUWARA ELIYA ROAD, PUSSELLAWA, Sri Lanka",Central,https://cpedu.lk/,Kandy,Gampola,Udapalatha,National,1C,6.Grd 6-13,3.Mixed,Tamil/English,7.0087,80.8894
85,KANDY DHARMARAJA COLLEGE,KANDY,"KANDY DHARMARAJA COLLEGE, KANDY, Sri Lanka",Central,https://cpedu.lk/,Kandy,Kandy,Gangawata Korale,National,1AB,4.Grd 1-13,1.Boys,Sinhala/English,7.2909991,80.6468827
86,KANDY KINGSWOOD COLLEGE,KANDY,"KANDY KINGSWOOD COLLEGE, KANDY, Sri Lanka",Central,https://cpedu.lk/,Kandy,Kandy,Gangawata Korale,National,1AB,4.Grd 1-13,1.Boys,Sinhala/English,7.2775777,80.6155746
87,KANDY MAHAMAYA GIRLS COLLEGE,KANDY,"KANDY MAHAMAYA GIRLS COLLEGE, KANDY, Sri Lanka",Central,https://cpedu.lk/,Kandy,Kandy,Gangawata Korale,National,1AB,4.Grd 1-13,2.Girls,Sinhala/English,7.287034,80.647347
88,KANDY GIRL'S HIGH SCHOOL,KANDY,"KANDY GIRL'S HIGH SCHOOL, KANDY, Sri Lanka",Central,https://cpedu.lk/,Kandy,Kandy,Gangawata Korale,National,1AB,4.Grd 1-13,2.Girls,Sinhala/Tamil/English,7.286601,80.626673
89,KANDY BADI-DU-DIN MAHMUD GIRLS' COLLEGE,"D.S.SENANAYAKA VEEDIYA, KANDY","KANDY BADI-DU-DIN MAHMUD GIRLS' COLLEGE, D.S.SENANAYAKA VEEDIYA, KANDY, Sri Lanka",Central,https://cpedu.lk/,Kandy,Kandy,Gangawata Korale,National,1AB,4.Grd 1-13,2.Girls,Sinhala/Tamil/English,7.3010929,80.6363435
90,KATUGASTOTA SRI RAHULA COLLEGE,KATUGASTOTA,"KATUGASTOTA SRI RAHULA COLLEGE, KATUGASTOTA, Sri Lanka",Central,https://cpedu.lk/,Kandy,Kandy,Gangawata Korale,National,1AB,4.Grd 1-13,3.Mixed,Sinhala/English,7.3266492,80.6242383
91,KANDY PUSHPADANA GIRLS' COLLEGE,KANDY,"KANDY PUSHPADANA GIRLS' COLLEGE, KANDY, Sri Lanka",Central,https://cpedu.lk/,Kandy,Kandy,Gangawata Korale,National,1AB,6.Grd 6-13,2.Girls,Sinhala/English,7.2900867,80.6330233
92,BOPITIYA RAJASINGHE N.S.,"POTHGODA, MARASSANA","BOPITIYA RAJASINGHE N.S., POTHGODA, MARASSANA, Sri Lanka",Central,https://cpedu.lk/,Kandy,Kandy,Pathahewaheta,National,1C,4.Grd 1-13,3.Mixed,Sinhala,7.2215341,80.7353361
93,MARASSANA N.S.,"MERUPPA, MARASSANA","MARASSANA N.S., MERUPPA, MARASSANA, Sri Lanka",Central,https://cpedu.lk/,Kandy,Kandy,Pathahewaheta,National,1C,6.Grd 6-13,3.Mixed,Sinhala/English,7.2215341,80.7353361
94,ALAWATHUGODA M.M.V,ALAWATHUGODA,"ALAWATHUGODA M.M.V, ALAWATHUGODA, Sri Lanka",Central,https://cpedu.lk/,Kandy,Katugastota,Akurana,National,1AB,6.Grd 6-13,3.Mixed,Sinhala/English,7.4094772,80.6095548
95,AKURANA AZHAR CENTRAL COLLEGE,AKURANA,"AKURANA AZHAR CENTRAL COLLEGE, AKURANA, Sri Lanka",Central,https://cpedu.lk/,Kandy,Katugastota,Akurana,National,1AB,6.Grd 6-13,3.Mixed,Tamil/English,7.3650014,80.6186336
96,AKURANA ZAHIRA MUS.M.M.V.,"BULUGAHATHENNA, AKURANA","AKURANA ZAHIRA MUS.M.M.V., BULUGAHATHENNA, AKURANA, Sri Lanka",Central,https://cpedu.lk/,Kandy,Katugastota,Akurana,National,1C,6.Grd 6-13,3.Mixed,Tamil/English,7.3705103,80.6127684
97,GALAGEDARA M.M.V.,GALAGEDARA,"GALAGEDARA M.M.V., GALAGEDARA, Sri Lanka",Central,https://cpedu.lk/,Kandy,Katugastota,Galagedara,National,1AB,6.Grd 6-13,3.Mixed,Sinhala/English,7.37586,80.5196774
98,GALAGEDARA SUJATHA BALIKA.M.M.V.,GALAGEDARA,"GALAGEDARA SUJATHA BALIKA.M.M.V., GALAGEDARA, Sri Lanka",Central,https://cpedu.lk/,Kandy,Katugastota,Galagedara,National,1C,4.Grd 1-13,2.Girls,Sinhala,7.37586,80.5196774
99,NUGAWELA.M.M.V.,NUGAWELA,"NUGAWELA.M.M.V., NUGAWELA, Sri Lanka",Central,https://cpedu.lk/,Kandy,Katugastota,Harispattuwa,National,1AB,6.Grd 6-13,3.Mixed,Sinhala/English,7.3285504,80.5874847
100,HATHARALIYADDA M. M. V.,HATHARALIYADDA,"HATHARALIYADDA M. M. V., HATHARALIYADDA, Sri Lanka",Central,https://cpedu.lk/,Kandy,Katugastota,Hatharaliyadda,National,1AB,6.Grd 6-13,3.Mixed,Sinhala/English,7.3350987,80.4710553
101,POOJAPITIYA M.M.V.,POOJAPITIYA,"POOJAPITIYA M.M.V., POOJAPITIYA, Sri Lanka",Central,https://cpedu.lk/,Kandy,Katugastota,Poojapitiya,National,1AB,6.Grd 6-13,3.Mixed,Sinhala/English,7.3777383,80.5872872
102,ANKUMBURA PARAKRAMA M. M. V.,ANKUMBURA,"ANKUMBURA PARAKRAMA M. M. V., ANKUMBURA, Sri Lanka",Central,https://cpedu.lk/,Kandy,Katugastota,Poojapitiya,National,1C,6.Grd 6-13,3.Mixed,Sinhala,7.43333,80.56667
103,AL-MANAR MUS.M.V.,GALHINNA,"AL-MANAR MUS.M.V., GALHINNA, Sri Lanka",Central,https://cpedu.lk/,Kandy,Katugastota,Poojapitiya,National,1C,6.Grd 6-13,3.Mixed,Tamil,7.4182658,80.5590224
104,TELDENIYA NATIONAL SCHOOL,TELDENIYA,"TELDENIYA NATIONAL SCHOOL, TELDENIYA, Sri Lanka",Central,https://cpedu.lk/,Kandy,Teldeniya,Medadumbara,National,1AB,6.Grd 6-13,3.Mixed,Sinhala/English,7.29694,80.76861
105,AMUPITIYA N.S.,UDISPATHTHUWA,"AMUPITIYA N.S., UDISPATHTHUWA, Sri Lanka",Central,https://cpedu.lk/,Kandy,Teldeniya,Medadumbara,National,1C,4.Grd 1-13,3.Mixed,Sinhala,7.3118273,80.7798645
106,HASALAKA RANASINGHE PREMADASA NATIONAL SCHOOL,HASALAKA,"HASALAKA RANASINGHE PREMADASA NATIONAL SCHOOL, HASALAKA, Sri Lanka",Central,https://cpedu.lk/,Kandy,Teldeniya,Minipe,National,1AB,6.Grd 6-13,3.Mixed,Sinhala/English,7.3676557,80.9656176
107,DIGANA RAJAWELLA HINDU N.C.,"RAJAWELLA, DIGANA","DIGANA RAJAWELLA HINDU N.C., RAJAWELLA, DIGANA, Sri Lanka",Central,https://cpedu.lk/,Kandy,Wathegama,Kundasale,National,1AB,4.Grd 1-13,3.Mixed,Tamil/English,7.8243358,80.2651309
108,S.W.R.D.BANDARANAYAKE N.S.,"WARAPITIYA, KUNDASALE","S.W.R.D.BANDARANAYAKE N.S., WARAPITIYA, KUNDASALE, Sri Lanka",Central,https://cpedu.lk/,Kandy,Wathegama,Kundasale,National,1AB,6.Grd 6-13,3.Mixed,Sinhala/English,7.2814297,80.684766
109,MADAWALA MADINA N S,MADAWALA BAZAAR,"MADAWALA MADINA N S, MADAWALA BAZAAR, Sri Lanka",Central,https://cpedu.lk/,Kandy,Wathegama,Pathadumbara,National,1AB,6.Grd 6-13,3.Mixed,Tamil/English,7.6128031,80.6515495
110,RANGIRI DAMBULLA CENTRAL COLLEGE,"NISSANKA MAWATHA, DAMBULLA","RANGIRI DAMBULLA CENTRAL COLLEGE, NISSANKA MAWATHA, DAMBULLA, Sri Lanka",Central,https://cpedu.lk/,Matale,Galewela,Dambulla,National,1AB,6.Grd 6-13,3.Mixed,Sinhala/English,7.8627427,80.6513342
111,AKURAMBODA WEERA KEPPETIPOLA NATIONAL SCHOOL,AKURAMBODA,"AKURAMBODA WEERA KEPPETIPOLA NATIONAL SCHOOL, AKURAMBODA, Sri Lanka",Central,https://cpedu.lk/,Matale,Galewela,Pallepola,National,1AB,6.Grd 6-13,3.Mixed,Sinhala,7.6465857,80.6020681
112,MATALE ZAHIRA COLLEGE,MATALE,"MATALE ZAHIRA COLLEGE, MATALE, Sri Lanka",Central,https://cpedu.lk/,Matale,Matale,Matale,National,1AB,4.Grd 1-13,1.Boys,Tamil/English,7.4682952,80.623818
113,MATALE HINDU NATIONAL SCHOOL,MATALE,"MATALE HINDU NATIONAL SCHOOL, MATALE, Sri Lanka",Central,https://cpedu.lk/,Matale,Matale,Matale,National,1AB,4.Grd 1-13,1.Boys,Tamil/English,7.4682952,80.623818
114,MATALE SRI SANGAMITHTHA BALIKA NATIONAL SCHOOL,HULANGAMUWA ROAD MATALE,"MATALE SRI SANGAMITHTHA BALIKA NATIONAL SCHOOL, HULANGAMUWA ROAD MATALE, Sri Lanka",Central,https://cpedu.lk/,Matale,Matale,Matale,National,1AB,4.Grd 1-13,2.Girls,Sinhala/English,7.4682952,80.623818
115,MATALE AMINA NATIONAL SCHOOL,"MOLANDAPITIYA RD, MATALE","MATALE AMINA NATIONAL SCHOOL, MOLANDAPITIYA RD, MATALE, Sri Lanka",Central,https://cpedu.lk/,Matale,Matale,Matale,National,1AB,4.Grd 1-13,2.Girls,Tamil/English,7.4682952,80.623818
116,AKURAMBODA MATALE PAKKIYAM NATIONAL COLLEGE,"DHRAMAPALA MAWATHA, MATALE","AKURAMBODA MATALE PAKKIYAM NATIONAL COLLEGE, DHRAMAPALA MAWATHA, MATALE, Sri Lanka",Central,https://cpedu.lk/,Matale,Matale,Matale,National,1AB,4.Grd 1-13,2.Girls,Tamil/English,7.6465857,80.6020681
117,MATALE VIJAYA NATIONAL SCHOOL,MATALE,"MATALE VIJAYA NATIONAL SCHOOL, MATALE, Sri Lanka",Central,https://cpedu.lk/,Matale,Matale,Matale,National,1AB,4.Grd 1-13,3.Mixed,Sinhala/English,7.4682952,80.623818
118,MATALE CHRIST CHURCH COLLEGE,MATALE,"MATALE CHRIST CHURCH COLLEGE, MATALE, Sri Lanka",Central,https://cpedu.lk/,Matale,Matale,Matale,National,1AB,4.Grd 1-13,3.Mixed,Sinhala/English,7.4682952,80.623818
119,MATALE ST. THOMAS COLLEGE,MATALE,"MATALE ST. THOMAS COLLEGE, MATALE, Sri Lanka",Central,https://cpedu.lk/,Matale,Matale,Matale,National,1AB,6.Grd 6-13,1.Boys,Sinhala/English,7.4682952,80.623818
120,UKUWELA AJMEER NATIONAL SCHOOL,"ELKADUWA, UKUWELA","UKUWELA AJMEER NATIONAL SCHOOL, ELKADUWA, UKUWELA, Sri Lanka",Central,https://cpedu.lk/,Matale,Matale,Ukuwela,National,1AB,6.Grd 6-13,3.Mixed,Tamil,7.4159803,80.68417
121,NAULA SRI NAGA NATIONAL SCHOOL,NAULA,"NAULA SRI NAGA NATIONAL SCHOOL, NAULA, Sri Lanka",Central,https://cpedu.lk/,Matale,Naula,Naula,National,1AB,6.Grd 6-13,3.Mixed,Sinhala/English,7.706932,80.6537749
122,PORAMADULLA CENTRAL COLLEGE,RIKILLAGASKADA,"PORAMADULLA CENTRAL COLLEGE, RIKILLAGASKADA, Sri Lanka",Central,https://cpedu.lk/,Nuwara Eliya,Hanguranketha,Udahewaheta,National,1AB,6.Grd 6-13,3.Mixed,Sinhala/English,7.1469791,80.7820559
123,VICTORIA NATIONAL SCHOOL,RAJAMAWATHA ADIKARIGAMA,"VICTORIA NATIONAL SCHOOL, RAJAMAWATHA ADIKARIGAMA, Sri Lanka",Central,https://cpedu.lk/,Nuwara Eliya,Hanguranketha,Udahewaheta,National,1AB,6.Grd 6-13,3.Mixed,Sinhala/English,7.2132113,80.7800648
124,JAYAHELA NATIONAL SCHOOL,PUNDALUOYA,"JAYAHELA NATIONAL SCHOOL, PUNDALUOYA, Sri Lanka",Central,https://cpedu.lk/,Nuwara Eliya,Kotmale,Kotmale,National,1AB,6.Grd 6-13,3.Mixed,Sinhala,7.0151,80.6697
125,GAMINI DISSANAYAKE N.S.,"NEW TOWN, KOTMALE","GAMINI DISSANAYAKE N.S., NEW TOWN, KOTMALE, Sri Lanka",Central,https://cpedu.lk/,Nuwara Eliya,Kotmale,Kotmale,National,1AB,6.Grd 6-13,3.Mixed,Sinhala/English,7.0619,80.681
126,AL-MINHAJ N.S.,"HAPUGASTHALAWA, NAWALAPITIYA","AL-MINHAJ N.S., HAPUGASTHALAWA, NAWALAPITIYA, Sri Lanka",Central,https://cpedu.lk/,Nuwara Eliya,Kotmale,Kotmale,National,1AB,6.Grd 6-13,3.Mixed,Tamil,7.0644288,80.5733557
127,NUWARA ELIYA GAMINI CENTRAL COLLEGE,NUWARA ELIYA,"NUWARA ELIYA GAMINI CENTRAL COLLEGE, NUWARA ELIYA, Sri Lanka",Central,https://cpedu.lk/,Nuwara Eliya,Nuwara Eliya,Nuwara Eliya,National,1AB,6.Grd 6-13,3.Mixed,Sinhala/English,6.98001,80.76864
128,SRI SUMANGALA NC,NILDANDAHINNA,"SRI SUMANGALA NC, NILDANDAHINNA, Sri Lanka",Central,https://cpedu.lk/,Nuwara Eliya,Walapane,Walapane,National,1AB,6.Grd 6-13,3.Mixed,Sinhala/English,7.0826055,80.8949099
129,AMBALANGODA SRI DEVANANDA COLLEGE,AMBALANGODA,"AMBALANGODA SRI DEVANANDA COLLEGE, AMBALANGODA, Sri Lanka",Southern,https://www.edumin.sp.gov.lk/,Galle,Ambalangoda,Ambalangoda,National,1AB,4.Grd 1-13,3.Mixed,Sinhala/English,6.2351868,80.0544982
130,AMBALANGODA DHARMASHOKA COLLEGE,AMBALANGODA,"AMBALANGODA DHARMASHOKA COLLEGE, AMBALANGODA, Sri Lanka",Southern,https://www.edumin.sp.gov.lk/,Galle,Ambalangoda,Ambalangoda,National,1AB,4.Grd 1-13,3.Mixed,Sinhala/English,6.2351868,80.0544982
131,BALAPITIYA REWATHA NATIONAL COLLEGE,"SIR LALITHA RAJAPAKSHA MAWATHA, BALAPITIYA","BALAPITIYA REWATHA NATIONAL COLLEGE, SIR LALITHA RAJAPAKSHA MAWATHA, BALAPITIYA, Sri Lanka",Southern,https://www.edumin.sp.gov.lk/,Galle,Ambalangoda,Balapitiya,National,1AB,4.Grd 1-13,3.Mixed,Sinhala,6.312983395,80.03376147
132,RATHGAMA DEVAPATHIRAJA COLLEGE,RATHGAMA,"RATHGAMA DEVAPATHIRAJA COLLEGE, RATHGAMA, Sri Lanka",Southern,https://www.edumin.sp.gov.lk/,Galle,Ambalangoda,Hikkaduwa,National,1AB,6.Grd 6-13,3.Mixed,Sinhala,6.7259518,80.485729
133,SRI SUMANGALA M.M.V.,"NALAGASDENIYA, HIKKADUWA","SRI SUMANGALA M.M.V., NALAGASDENIYA, HIKKADUWA, Sri Lanka",Southern,https://www.edumin.sp.gov.lk/,Galle,Ambalangoda,Hikkaduwa,National,1AB,6.Grd 6-13,3.Mixed,Sinhala/English,6.1375308,80.1162876
134,BENTHOTA GAMINI M.M.V,BENTHOTA,"BENTHOTA GAMINI M.M.V, BENTHOTA, Sri Lanka",Southern,https://www.edumin.sp.gov.lk/,Galle,Elpitiya,Bentota,National,1AB,4.Grd 1-13,3.Mixed,Sinhala,6.4222354,79.9980046
135,ELPITIYA ANANDA M.V.,ELPITIYA,"ELPITIYA ANANDA M.V., ELPITIYA, Sri Lanka",Southern,https://www.edumin.sp.gov.lk/,Galle,Elpitiya,Elpitiya,National,1AB,6.Grd 6-13,3.Mixed,Sinhala/English,6.2904552,80.1627506
136,KARANDENIYA CENTRAL COLLEGE,KARANDENIYA,"KARANDENIYA CENTRAL COLLEGE, KARANDENIYA, Sri Lanka",Southern,https://www.edumin.sp.gov.lk/,Galle,Elpitiya,Karandeniya,National,1AB,6.Grd 6-13,3.Mixed,Sinhala/English,7.36667,80.63333
137,UPANANDA VIDYALAYA,MANAWILA WALAHANDUWA,"UPANANDA VIDYALAYA, MANAWILA WALAHANDUWA, Sri Lanka",Southern,https://www.edumin.sp.gov.lk/,Galle,Galle,Akmeemana,National,1AB,4.Grd 1-13,3.Mixed,Sinhala/English,6.0517941,80.2578352
138,MEEPAWALA AMARASURIYA COLLEGE,"MEEPAWALA, PODDALA","MEEPAWALA AMARASURIYA COLLEGE, MEEPAWALA, PODDALA, Sri Lanka",Southern,https://www.edumin.sp.gov.lk/,Galle,Galle,Akmeemana,National,1AB,4.Grd 1-13,3.Mixed,Sinhala/English,6.1106507,80.2171016
139,LABUDUWA SIRIDHAMMA COLLEGE,"LABUDUWA,  AKMEEMANA","LABUDUWA SIRIDHAMMA COLLEGE, LABUDUWA,  AKMEEMANA, Sri Lanka",Southern,https://www.edumin.sp.gov.lk/,Galle,Galle,Akmeemana,National,1AB,4.Grd 1-13,3.Mixed,Sinhala/English,6.0783401,80.2483588
140,BADDEGAMA CHRIST CHURCH BOY'S COLLEGE,BADDEGAMA,"BADDEGAMA CHRIST CHURCH BOY'S COLLEGE, BADDEGAMA, Sri Lanka",Southern,https://www.edumin.sp.gov.lk/,Galle,Galle,Baddegama,National,1AB,4.Grd 1-13,1.Boys,Sinhala,6.1658309,80.2044474
141,BADDEGAMA CHRIST CHURCH GIRLS' COLLEGE,BADDEGAMA,"BADDEGAMA CHRIST CHURCH GIRLS' COLLEGE, BADDEGAMA, Sri Lanka",Southern,https://www.edumin.sp.gov.lk/,Galle,Galle,Baddegama,National,1AB,4.Grd 1-13,2.Girls,Sinhala/English,6.1658309,80.2044474
142,WANDURAMBA CENTRAL COLLEGE,WANDURAMBA,"WANDURAMBA CENTRAL COLLEGE, WANDURAMBA, Sri Lanka",Southern,https://www.edumin.sp.gov.lk/,Galle,Galle,Baddegama,National,1AB,4.Grd 1-13,3.Mixed,Sinhala/English,6.1381254,80.2571457
143,GALLE MAHINDA COLLEGE,WOODWARD MAWATHA GALLE,"GALLE MAHINDA COLLEGE, WOODWARD MAWATHA GALLE, Sri Lanka",Southern,https://www.edumin.sp.gov.lk/,Galle,Galle,Galle,National,1AB,4.Grd 1-13,1.Boys,Sinhala/English,6.0335598,80.2139148
144,GALLE RICHMOND COLLEGE,"RICHMOND HILL, GALLE","GALLE RICHMOND COLLEGE, RICHMOND HILL, GALLE, Sri Lanka",Southern,https://www.edumin.sp.gov.lk/,Galle,Galle,Galle,National,1AB,4.Grd 1-13,1.Boys,Sinhala/English,6.050650662,80.20397258
145,GALLE ST. ALOYSIUS COLLEGE,KALUWELLA GALLE,"GALLE ST. ALOYSIUS COLLEGE, KALUWELLA GALLE, Sri Lanka",Southern,https://www.edumin.sp.gov.lk/,Galle,Galle,Galle,National,1AB,4.Grd 1-13,1.Boys,Sinhala/English,6.0358089,80.2115539
146,GALLE VIDYALOKA COLLEGE,"WACKWELLA ROAD, GALLE","GALLE VIDYALOKA COLLEGE, WACKWELLA ROAD, GALLE, Sri Lanka",Southern,https://www.edumin.sp.gov.lk/,Galle,Galle,Galle,National,1AB,4.Grd 1-13,1.Boys,Sinhala/English,6.034589,80.216744
147,GALLE RIPPON GIRLS COLLEGE,"RICHMAN HILL, GALLE","GALLE RIPPON GIRLS COLLEGE, RICHMAN HILL, GALLE, Sri Lanka",Southern,https://www.edumin.sp.gov.lk/,Galle,Galle,Galle,National,1AB,4.Grd 1-13,2.Girls,Sinhala/English,6.0335598,80.2139148
148,GALLE SANGHAMITHTHA BALIKA VIDYALAYA,"WACKWELLA ROAD, GALLE","GALLE SANGHAMITHTHA BALIKA VIDYALAYA, WACKWELLA ROAD, GALLE, Sri Lanka",Southern,https://www.edumin.sp.gov.lk/,Galle,Galle,Galle,National,1AB,4.Grd 1-13,2.Girls,Sinhala/English,6.0335598,80.2139148
149,GALLE SOUTHLAND COLLEGE,FORT -GALLE,"GALLE SOUTHLAND COLLEGE, FORT -GALLE, Sri Lanka",Southern,https://www.edumin.sp.gov.lk/,Galle,Galle,Galle,National,1AB,4.Grd 1-13,2.Girls,Sinhala/English,6.0273998,80.2167673
150,GALLE MALHARSULHIYA CENTRAL COLLEGE,"H.K.EDMOND MAWATHA, GALLE","GALLE MALHARSULHIYA CENTRAL COLLEGE, H.K.EDMOND MAWATHA, GALLE, Sri Lanka",Southern,https://www.edumin.sp.gov.lk/,Galle,Galle,Galle,National,1AB,6.Grd 6-13,1.Boys,Sinhala/Tamil,6.0335598,80.2139148
151,GINTOTA ZAHIRA COLLEGE (N.S.),"KURUDWATTA, GINTOTA","GINTOTA ZAHIRA COLLEGE (N.S.), KURUDWATTA, GINTOTA, Sri Lanka",Southern,https://www.edumin.sp.gov.lk/,Galle,Galle,Galle,National,1C,4.Grd 1-13,3.Mixed,Tamil/English,6.0559,80.1774
152,BUONAVISTA COLLEGE,UNAWATUNA GALLE,"BUONAVISTA COLLEGE, UNAWATUNA GALLE, Sri Lanka",Southern,https://www.edumin.sp.gov.lk/,Galle,Galle,Habaraduwa,National,1AB,4.Grd 1-13,3.Mixed,Sinhala/English,6.0212,80.2503
153,KATHALUWA CENTRAL COLLEGE,"KATHALUWA, AHANGAMA","KATHALUWA CENTRAL COLLEGE, KATHALUWA, AHANGAMA, Sri Lanka",Southern,https://www.edumin.sp.gov.lk/,Galle,Galle,Habaraduwa,National,1AB,6.Grd 6-13,3.Mixed,Sinhala,5.9893541,80.3511644
154,BATEMULLA NATIONAL SCHOOL,IMADUWA,"BATEMULLA NATIONAL SCHOOL, IMADUWA, Sri Lanka",Southern,https://www.edumin.sp.gov.lk/,Galle,Galle,Habaraduwa,National,1AB,6.Grd 6-13,3.Mixed,Sinhala/English,6.0311,80.3784
155,NAGODA ROYAL NATIONAL SCHOOL,NAGODA,"NAGODA ROYAL NATIONAL SCHOOL, NAGODA, Sri Lanka",Southern,https://www.edumin.sp.gov.lk/,Galle,Udugama,Mapalagama,National,1AB,6.Grd 6-13,3.Mixed,Sinhala,6.1963258,80.2756662
156,THAWALAMA VIDYARAJA NATIONAL SCHOOL,THAWALAMA,"THAWALAMA VIDYARAJA NATIONAL SCHOOL, THAWALAMA, Sri Lanka",Southern,https://www.edumin.sp.gov.lk/,Galle,Udugama,Thawalama,National,1AB,6.Grd 6-13,3.Mixed,Sinhala,6.3253292,80.3497601
157,NELUWA NATIONAL SCHOOL,NELUWA,"NELUWA NATIONAL SCHOOL, NELUWA, Sri Lanka",Southern,https://www.edumin.sp.gov.lk/,Galle,Udugama,Thawalama,National,1AB,6.Grd 6-13,3.Mixed,Sinhala/English,6.3778937,80.3604483
158,AKURESSA GODAPITIYA NATIONAL SCHOOL,"MATARA ROAD, AKURESSA","AKURESSA GODAPITIYA NATIONAL SCHOOL, MATARA ROAD, AKURESSA, Sri Lanka",Southern,https://www.edumin.sp.gov.lk/,Matara,Akuressa,Akuressa,National,1AB,6.Grd 6-13,3.Mixed,Sinhala/English,6.0995917,80.4777216
159,THELIJJAWILA CENTRAL COLLEGE,THELIJJAWILA,"THELIJJAWILA CENTRAL COLLEGE, THELIJJAWILA, Sri Lanka",Southern,https://www.edumin.sp.gov.lk/,Matara,Akuressa,Malimboda,National,1AB,6.Grd 6-13,3.Mixed,Sinhala/English,6.0215,80.49309
160,DEVINUWARA CENTRAL COLLEGE,DEVINUWARA,"DEVINUWARA CENTRAL COLLEGE, DEVINUWARA, Sri Lanka",Southern,https://www.edumin.sp.gov.lk/,Matara,Matara,Devinuwara,National,1AB,4.Grd 1-13,3.Mixed,Sinhala/English,5.9332041,80.5878442
161,DICKWELLA VIJITHA CENTRAL COLLEGE,"MAHAWELA ROAD, DICKWELLA","DICKWELLA VIJITHA CENTRAL COLLEGE, MAHAWELA ROAD, DICKWELLA, Sri Lanka",Southern,https://www.edumin.sp.gov.lk/,Matara,Matara,Dikwella,National,1AB,4.Grd 1-13,3.Mixed,Sinhala/English,5.985857,80.7083911
162,DICKWELLA MINHATH N.S.,"SANDIS ROAD, DICKWELLA","DICKWELLA MINHATH N.S., SANDIS ROAD, DICKWELLA, Sri Lanka",Southern,https://www.edumin.sp.gov.lk/,Matara,Matara,Dikwella,National,1AB,4.Grd 1-13,3.Mixed,Tamil,5.985857,80.7083911
163,MATARA RAHULA COLLEGE,MATARA,"MATARA RAHULA COLLEGE, MATARA, Sri Lanka",Southern,https://www.edumin.sp.gov.lk/,Matara,Matara,Matara,National,1AB,4.Grd 1-13,1.Boys,Sinhala/English,5.952092,80.532231
164,MATARA ST. THOMAS BOYS COLLEGE,"KUMARATHUNGA MAWATHA, MATARA","MATARA ST. THOMAS BOYS COLLEGE, KUMARATHUNGA MAWATHA, MATARA, Sri Lanka",Southern,https://www.edumin.sp.gov.lk/,Matara,Matara,Matara,National,1AB,4.Grd 1-13,1.Boys,Sinhala/English,5.947882,80.543852
165,MATARA ST. SERVETIOUS COLLEGE,"KOTUWEGODA, MATARA","MATARA ST. SERVETIOUS COLLEGE, KOTUWEGODA, MATARA, Sri Lanka",Southern,https://www.edumin.sp.gov.lk/,Matara,Matara,Matara,National,1AB,4.Grd 1-13,1.Boys,Sinhala/English,5.95,80.55
166,MATARA SUJATHA VIDYALAYA,MATARA,"MATARA SUJATHA VIDYALAYA, MATARA, Sri Lanka",Southern,https://www.edumin.sp.gov.lk/,Matara,Matara,Matara,National,1AB,4.Grd 1-13,2.Girls,Sinhala/English,8.11667,79.98333
167,MATARA ST.THOMAS GIRL'S HIGH SCH0OL,"WALPOLA, MATARA","MATARA ST.THOMAS GIRL'S HIGH SCH0OL, WALPOLA, MATARA, Sri Lanka",Southern,https://www.edumin.sp.gov.lk/,Matara,Matara,Matara,National,1AB,6.Grd 6-13,2.Girls,Sinhala/English,5.953691,80.548596
168,MATARA CENTRAL COLLEGE,"RAHULA ROAD, MATARA","MATARA CENTRAL COLLEGE, RAHULA ROAD, MATARA, Sri Lanka",Southern,https://www.edumin.sp.gov.lk/,Matara,Matara,Matara,National,1AB,6.Grd 6-13,3.Mixed,Sinhala/English,5.953293,80.544346
169,MATARA MAHINDA RAJAPAKSHA COLLEGE,"SARASAVI UYANA, MATARA","MATARA MAHINDA RAJAPAKSHA COLLEGE, SARASAVI UYANA, MATARA, Sri Lanka",Southern,https://www.edumin.sp.gov.lk/,Matara,Matara,Matara,National,1AB,6.Grd 6-13,3.Mixed,Sinhala/English,6.142658662,80.54002282
170,WELIGAMA SIDDARTHA COLLEGE,"HETTIWEDIYA, WELIGAMA","WELIGAMA SIDDARTHA COLLEGE, HETTIWEDIYA, WELIGAMA, Sri Lanka",Southern,https://www.edumin.sp.gov.lk/,Matara,Matara,Weligama,National,1AB,6.Grd 6-13,1.Boys,Sinhala/English,5.971799,80.4178837
171,WELIGAMA SRI SUMANGALA BALIKA VIDYALAYA,WELIGAMA,"WELIGAMA SRI SUMANGALA BALIKA VIDYALAYA, WELIGAMA, Sri Lanka",Southern,https://www.edumin.sp.gov.lk/,Matara,Matara,Weligama,National,1AB,6.Grd 6-13,2.Girls,Sinhala/English,6.597812361,79.9566196
172,ARAFA CENTRAL COLLEGE,"GALBOKKA, WELIGAMA","ARAFA CENTRAL COLLEGE, GALBOKKA, WELIGAMA, Sri Lanka",Southern,https://www.edumin.sp.gov.lk/,Matara,Matara,Weligama,National,1AB,6.Grd 6-13,3.Mixed,Tamil,5.98333,80.43333
173,DENIYAYA CENTRAL COLLEGE,DENIYAYA,"DENIYAYA CENTRAL COLLEGE, DENIYAYA, Sri Lanka",Southern,https://www.edumin.sp.gov.lk/,Matara,Morawaka,Kotapola,National,1AB,4.Grd 1-13,3.Mixed,Sinhala/English,6.339756,80.5584825
174,MORAWKA KEERTHI ABEYWICKRAMA NATIONAL SCHOOL,"DENIYAYA RD, MORAWAKA","MORAWKA KEERTHI ABEYWICKRAMA NATIONAL SCHOOL, DENIYAYA RD, MORAWAKA, Sri Lanka",Southern,https://www.edumin.sp.gov.lk/,Matara,Morawaka,Kotapola,National,1AB,6.Grd 6-13,3.Mixed,Sinhala,7.2339872,80.2531847
175,KOTAPOLA N.S.,KOTAPOLA,"KOTAPOLA N.S., KOTAPOLA, Sri Lanka",Southern,https://www.edumin.sp.gov.lk/,Matara,Morawaka,Kotapola,National,1C,4.Grd 1-13,3.Mixed,Sinhala,6.3157637,80.5438211
176,URUBOKKA NATIONAL SCHOOL,URUBOKKA,"URUBOKKA NATIONAL SCHOOL, URUBOKKA, Sri Lanka",Southern,https://www.edumin.sp.gov.lk/,Matara,Morawaka,Pasgoda,National,1AB,4.Grd 1-13,3.Mixed,Sinhala/English,6.3070785,80.6329028
177,KAMBURUPIYIYA NARANDENIYA M.M.V.,KAMBURUPIYIYA,"KAMBURUPIYIYA NARANDENIYA M.M.V., KAMBURUPIYIYA, Sri Lanka",Southern,https://www.edumin.sp.gov.lk/,Matara,Mulatiyana (Hakmana),Kamburupitiya,National,1AB,6.Grd 6-13,3.Mixed,Sinhala/English,6.08333,80.58333
178,DEYIYANDARA NATIONAL SCHOOL,DEYIYANDARA,"DEYIYANDARA NATIONAL SCHOOL, DEYIYANDARA, Sri Lanka",Southern,https://www.edumin.sp.gov.lk/,Matara,Mulatiyana (Hakmana),Mulatiyana,National,1AB,6.Grd 6-13,3.Mixed,Sinhala/English,6.1219647,80.2503335
179,THIHAGODA M.M.V.,THIHAGODA,"THIHAGODA M.M.V., THIHAGODA, Sri Lanka",Southern,https://www.edumin.sp.gov.lk/,Matara,Mulatiyana (Hakmana),Thihagoda,National,1AB,6.Grd 6-13,3.Mixed,Sinhala/English,6.0135009,80.5657086
180,HUNGAMA VIJAYABA NATIONAL SCHOOL,HUNGAMA,"HUNGAMA VIJAYABA NATIONAL SCHOOL, HUNGAMA, Sri Lanka",Southern,https://www.edumin.sp.gov.lk/,Hambantota,Hambantota,Ambalantota,National,1AB,4.Grd 1-13,3.Mixed,Sinhala/English,6.1074233,80.9264592
181,AMBALANTOTA THERAPUTHTHA N.S,AMBALANTOTA,"AMBALANTOTA THERAPUTHTHA N.S, AMBALANTOTA, Sri Lanka",Southern,https://www.edumin.sp.gov.lk/,Hambantota,Hambantota,Ambalantota,National,1AB,6.Grd 6-13,3.Mixed,Sinhala/English,6.1226799,81.0228623
182,HAMBANTOTA ST.MARY'S COLLEGE,HAMBANTOTA,"HAMBANTOTA ST.MARY'S COLLEGE, HAMBANTOTA, Sri Lanka",Southern,https://www.edumin.sp.gov.lk/,Hambantota,Hambantota,Hambantota,National,1AB,6.Grd 6-13,3.Mixed,Sinhala/English,6.1245369,81.1183714
183,HAMBANTOTA TZU-CHI NATIONAL SCHOOL,"SIRIBOPURA, HAMBANTOTA","HAMBANTOTA TZU-CHI NATIONAL SCHOOL, SIRIBOPURA, HAMBANTOTA, Sri Lanka",Southern,https://www.edumin.sp.gov.lk/,Hambantota,Hambantota,Hambantota,National,1AB,6.Grd 6-13,3.Mixed,Sinhala/English,6.1602575,81.1202847
184,HAMABANTOTA ZAHIRA N.S.,HAMABANTOTA,"HAMABANTOTA ZAHIRA N.S., HAMABANTOTA, Sri Lanka",Southern,https://www.edumin.sp.gov.lk/,Hambantota,Hambantota,Hambantota,National,1AB,6.Grd 6-13,3.Mixed,Tamil,6.1235697,81.1257799
185,SOORIYAWEWA N.S,"VIDYALA MAWATHA, SOORIYAWEWA","SOORIYAWEWA N.S, VIDYALA MAWATHA, SOORIYAWEWA, Sri Lanka",Southern,https://www.edumin.sp.gov.lk/,Hambantota,Hambantota,Sooriyawewa,National,1AB,4.Grd 1-13,3.Mixed,Sinhala/English,6.3037526,81.0029688
186,THISSAMAHARAMA DEBARAWEWA  CENTRAL SCHOOL,"DEBARAWEWA, THISSAMAHARAMA","THISSAMAHARAMA DEBARAWEWA  CENTRAL SCHOOL, DEBARAWEWA, THISSAMAHARAMA, Sri Lanka",Southern,https://www.edumin.sp.gov.lk/,Hambantota,Hambantota,Thissamaharama,National,1AB,6.Grd 6-13,3.Mixed,Sinhala/English,6.2897001,81.2661516
187,ANGUNAKOLAPELESSA MAHANAGA NATIONAL SCHOOL,ANGUNAKOLAPELESSA,"ANGUNAKOLAPELESSA MAHANAGA NATIONAL SCHOOL, ANGUNAKOLAPELESSA, Sri Lanka",Southern,https://www.edumin.sp.gov.lk/,Hambantota,Tangalle,Angunakolapelessa,National,1AB,6.Grd 6-13,3.Mixed,Sinhala/English,6.1634008,80.8972143
188,GATAMANNA VIJAYA NATIONAL SCHOOL,GATAMANNA,"GATAMANNA VIJAYA NATIONAL SCHOOL, GATAMANNA, Sri Lanka",Southern,https://www.edumin.sp.gov.lk/,Hambantota,Tangalle,Beliatta,National,1AB,6.Grd 6-13,3.Mixed,Sinhala/English,6.0519864,80.6965367
189,BELIATTA RUHUNU VIJAYABA NATIONAL COLLEGE,"SITINAMALUWA, BELIATTA","BELIATTA RUHUNU VIJAYABA NATIONAL COLLEGE, SITINAMALUWA, BELIATTA, Sri Lanka",Southern,https://www.edumin.sp.gov.lk/,Hambantota,Tangalle,Beliatta,National,1AB,6.Grd 6-13,3.Mixed,Sinhala/English,6.05,80.75
190,TANGALLE BOYS NATIONAL SCHOOL,TANGALLE,"TANGALLE BOYS NATIONAL SCHOOL, TANGALLE, Sri Lanka",Southern,https://www.edumin.sp.gov.lk/,Hambantota,Tangalle,Tangalle,National,1AB,6.Grd 6-13,1.Boys,Sinhala/English,6.0225281,80.7958878
191,TANGALLE BALIKA VIDYALAYA,TANGALLE,"TANGALLE BALIKA VIDYALAYA, TANGALLE, Sri Lanka",Southern,https://www.edumin.sp.gov.lk/,Hambantota,Tangalle,Tangalle,National,1AB,6.Grd 6-13,2.Girls,Sinhala/English,6.0225281,80.7958878
192,KATUWANA NATIONAL SCHOOL,KATUWANA,"KATUWANA NATIONAL SCHOOL, KATUWANA, Sri Lanka",Southern,https://www.edumin.sp.gov.lk/,Hambantota,Walasmulla,Katuwana,National,1AB,6.Grd 6-13,3.Mixed,Sinhala/English,6.2662839,80.6932941
193,SRI LANKA SINGAPORE FRIENSHIP COLLEGE,"KONDAGALA, WEERAKATIYA","SRI LANKA SINGAPORE FRIENSHIP COLLEGE, KONDAGALA, WEERAKATIYA, Sri Lanka",Southern,https://www.edumin.sp.gov.lk/,Hambantota,Walasmulla,Walasmulla,National,1AB,6.Grd 6-13,2.Girls,Sinhala/English,6.2347014,80.1374592
194,WALASMULLA NATIONAL SCHOOL,WALASMULLA,"WALASMULLA NATIONAL SCHOOL, WALASMULLA, Sri Lanka",Southern,https://www.edumin.sp.gov.lk/,Hambantota,Walasmulla,Walasmulla,National,1AB,6.Grd 6-13,3.Mixed,Sinhala/English,6.1563432,80.7022006
195,WEERAKETIYA RAJAPAKSHA CENTTAL COLLEGE,WEERAKETIYA,"WEERAKETIYA RAJAPAKSHA CENTTAL COLLEGE, WEERAKETIYA, Sri Lanka",Southern,https://www.edumin.sp.gov.lk/,Hambantota,Walasmulla,Walasmulla,National,1AB,6.Grd 6-13,3.Mixed,Sinhala/English,6.1350241,80.7718495
196,JAFFNA CENTRAL COLLEGE,JAFFNA,"JAFFNA CENTRAL COLLEGE, JAFFNA, Sri Lanka",Northern,https://www.edudept.np.gov.lk/,Jaffna,Jaffna,Jaffna,National,1AB,4.Grd 1-13,1.Boys,Tamil/English,9.661808,80.014355
197,JAFFNA HOLY FAMILY CONVENT NATIONAL SCHOOL,"VEMBADY ROAD, JAFFNA","JAFFNA HOLY FAMILY CONVENT NATIONAL SCHOOL, VEMBADY ROAD, JAFFNA, Sri Lanka",Northern,https://www.edudept.np.gov.lk/,Jaffna,Jaffna,Jaffna,National,1AB,4.Grd 1-13,2.Girls,Tamil/English,9.660545,80.019286
198,JAFFNA VEMBADI GIRLS HIGH SCHOOL,"1ST CROSS STREET, JAFFNA","JAFFNA VEMBADI GIRLS HIGH SCHOOL, 1ST CROSS STREET, JAFFNA, Sri Lanka",Northern,https://www.edudept.np.gov.lk/,Jaffna,Jaffna,Jaffna,National,1AB,6.Grd 6-13,2.Girls,Tamil/English,9.6631703,80.015546
199,JAFFNA HINDU COLLEGE,KKS ROAD JAFFNA,"JAFFNA HINDU COLLEGE, KKS ROAD JAFFNA, Sri Lanka",Northern,https://www.edudept.np.gov.lk/,Jaffna,Jaffna,Nallur,National,1AB,6.Grd 6-13,1.Boys,Tamil/English,9.678525,80.011943
200,CHAVAKACHCHERI HINDU COLLEGE,"KANDY ROAD, CHAVAKACHCHERI","CHAVAKACHCHERI HINDU COLLEGE, KANDY ROAD, CHAVAKACHCHERI, Sri Lanka",Northern,https://www.edudept.np.gov.lk/,Jaffna,Thenmaradchi,Chavakachcheri,National,1AB,6.Grd 6-13,3.Mixed,Tamil/English,9.6686232,80.1704813
201,NELLIADY CENTRAL COLLEGE,KARAVEDDY,"NELLIADY CENTRAL COLLEGE, KARAVEDDY, Sri Lanka",Northern,https://www.edudept.np.gov.lk/,Jaffna,Vadamaradchi,Karaveddy,National,1AB,6.Grd 6-13,3.Mixed,Tamil/English,9.8,80.2
202,MANIPAY HINDU COLLEGE (NATIONAL SCHOOL),"SANGARAPILLAI ROAD, MANIPAY","MANIPAY HINDU COLLEGE (NATIONAL SCHOOL), SANGARAPILLAI ROAD, MANIPAY, Sri Lanka",Northern,https://www.edudept.np.gov.lk/,Jaffna,Valikamam,Sandilipay,National,1AB,6.Grd 6-13,1.Boys,Tamil/English,9.7261,79.9899
203,MANNAR ST. XAVIERS BOYS COLLEGE,"SINNAKADAI, MANNAR","MANNAR ST. XAVIERS BOYS COLLEGE, SINNAKADAI, MANNAR, Sri Lanka",Northern,https://www.edudept.np.gov.lk/,Mannar,Mannar,Mannar,National,1AB,4.Grd 1-13,1.Boys,Tamil/English,8.9883884,79.9083258
204,MANNAR ST. XAVIER'S GIRLS' COLLEGE,"SINNAKADAI, MANNAR","MANNAR ST. XAVIER'S GIRLS' COLLEGE, SINNAKADAI, MANNAR, Sri Lanka",Northern,https://www.edudept.np.gov.lk/,Mannar,Mannar,Mannar,National,1AB,4.Grd 1-13,2.Girls,Tamil/English,8.9883884,79.9083258
205,SITHIVINAYAGAR HINDU COLLEGE,UPPUKULAM MANNAR,"SITHIVINAYAGAR HINDU COLLEGE, UPPUKULAM MANNAR, Sri Lanka",Northern,https://www.edudept.np.gov.lk/,Mannar,Mannar,Mannar,National,1AB,4.Grd 1-13,3.Mixed,Tamil/English,8.9820244,79.9182066
206,AL-AZHAR M.V.,"MOORSTREET, MANNAR","AL-AZHAR M.V., MOORSTREET, MANNAR, Sri Lanka",Northern,https://www.edudept.np.gov.lk/,Mannar,Mannar,Mannar,National,1AB,4.Grd 1-13,3.Mixed,Tamil/English,8.9867399,79.9135603
207,MUSALI NATIONAL SCHOOL,"MUSALI, CHILAWATHUARI","MUSALI NATIONAL SCHOOL, MUSALI, CHILAWATHUARI, Sri Lanka",Northern,https://www.edudept.np.gov.lk/,Mannar,Mannar,Musali,National,1AB,6.Grd 6-13,3.Mixed,Tamil,8.7474342,79.9548259
208,MADUKANDA  MAHA VIDIYALAYA (NATIONAL SCHOOL),MADUKANDA VAVUNIYA,"MADUKANDA  MAHA VIDIYALAYA (NATIONAL SCHOOL), MADUKANDA VAVUNIYA, Sri Lanka",Northern,https://www.edudept.np.gov.lk/,Vavuniya,Vavuniya South,Vavuniya South-Sinhala,National,1AB,4.Grd 1-13,3.Mixed,Sinhala,8.7348477,80.563521
209,GAMINI NATIONAL SCHOOL,MANNAR ROAD VAVUNIYA,"GAMINI NATIONAL SCHOOL, MANNAR ROAD VAVUNIYA, Sri Lanka",Northern,https://www.edudept.np.gov.lk/,Vavuniya,Vavuniya South,Vavuniya South-Sinhala,National,1AB,4.Grd 1-13,3.Mixed,Sinhala/Tamil/English,8.7549852,80.4944899
210,VAVUNIYA RAMBAIKULAM GIRLS MAHA VIDYALAYAM,RAMBAIKULAM VAVUNIYA,"VAVUNIYA RAMBAIKULAM GIRLS MAHA VIDYALAYAM, RAMBAIKULAM VAVUNIYA, Sri Lanka",Northern,https://www.edudept.np.gov.lk/,Vavuniya,Vavuniya South,Vavuniya South-Tamil,National,1AB,4.Grd 1-13,2.Girls,Tamil/English,8.7495552,80.5091965
211,VAVUNIYA TAMIL M.M.V.,"KANDY ROAD, VAVUNIYA","VAVUNIYA TAMIL M.M.V., KANDY ROAD, VAVUNIYA, Sri Lanka",Northern,https://www.edudept.np.gov.lk/,Vavuniya,Vavuniya South,Vavuniya South-Tamil,National,1AB,4.Grd 1-13,3.Mixed,Tamil/English,8.7034392,80.4826436
212,VAVUNIYA MUSLIM MAHA VIDYALAYAM,MANNAR ROAD PADDANICHOOR VAVUNIYA,"VAVUNIYA MUSLIM MAHA VIDYALAYAM, MANNAR ROAD PADDANICHOOR VAVUNIYA, Sri Lanka",Northern,https://www.edudept.np.gov.lk/,Vavuniya,Vavuniya South,Vavuniya South-Tamil,National,1AB,4.Grd 1-13,3.Mixed,Tamil/English,8.7549852,80.4944899
213,MULLIYAWALAI VIDYANANDA COLLEGE,MULLIYAWALAI,"MULLIYAWALAI VIDYANANDA COLLEGE, MULLIYAWALAI, Sri Lanka",Northern,https://www.edudept.np.gov.lk/,Mullaitivu,Mullaitivu,Maritimepattu,National,1AB,6.Grd 6-13,3.Mixed,Tamil/English,9.2215356,80.775815
214,SAMPATH NUWARA N.S.,"SAMPATHNUWARA, WELIOYA, ETHAWETUNUWEWA","SAMPATH NUWARA N.S., SAMPATHNUWARA, WELIOYA, ETHAWETUNUWEWA, Sri Lanka",Northern,https://www.edudept.np.gov.lk/,Mullaitivu,Mullaitivu,Welioya,National,1C,4.Grd 1-13,3.Mixed,Sinhala,8.9792103,80.7315242
215,MALLAVI CENTRAL COLLEGE,YOGAPURAM,"MALLAVI CENTRAL COLLEGE, YOGAPURAM, Sri Lanka",Northern,https://www.edudept.np.gov.lk/,Mullaitivu,Thunukkai,Thunukkai,National,1AB,6.Grd 6-13,3.Mixed,Tamil/English,9.1298816,80.2832525
216,KILINOCHCHI MADHYA MAHA VIDYALAYAM,"A9 ROAD, ANANTHAPURAM, KILINOCHCHI","KILINOCHCHI MADHYA MAHA VIDYALAYAM, A9 ROAD, ANANTHAPURAM, KILINOCHCHI, Sri Lanka",Northern,https://www.edudept.np.gov.lk/,Kilinochchi,Kilinochchi,Karachchi,National,1AB,6.Grd 6-13,3.Mixed,Tamil,9.3771921,80.4095931
217,MULANKAVIL MAHA VIDYALAYAM,"VINAYAKAPURAM, POONAKARY","MULANKAVIL MAHA VIDYALAYAM, VINAYAKAPURAM, POONAKARY, Sri Lanka",Northern,https://www.edudept.np.gov.lk/,Kilinochchi,Kilinochchi,Poonakary,National,1AB,6.Grd 6-13,3.Mixed,Tamil,9.2388342,80.1481741
218,BATTICALOA ST. MICHAEL'S COLLEGE,"1 CENTRAL ROAD, BATTICALOA","BATTICALOA ST. MICHAEL'S COLLEGE, 1 CENTRAL ROAD, BATTICALOA, Sri Lanka",Eastern,http://www.kalzone.edu.lk/,Batticaloa,Batticaloa,Manmunai North (Bat),National,1AB,4.Grd 1-13,1.Boys,Tamil/English,7.711398,81.696257
219,SHIVANANDA VIDYALAYAM,"KALLADY UPPODAI, BATTICALOA","SHIVANANDA VIDYALAYAM, KALLADY UPPODAI, BATTICALOA, Sri Lanka",Eastern,http://www.kalzone.edu.lk/,Batticaloa,Batticaloa,Manmunai North (Bat),National,1AB,4.Grd 1-13,1.Boys,Tamil/English,7.7050397,81.7177925
220,BATTICALOA VINCENT GIRLS' HIGH SCHOOL,"CHAPEL STREET, BATTICALOA","BATTICALOA VINCENT GIRLS' HIGH SCHOOL, CHAPEL STREET, BATTICALOA, Sri Lanka",Eastern,http://www.kalzone.edu.lk/,Batticaloa,Batticaloa,Manmunai North (Bat),National,1AB,4.Grd 1-13,2.Girls,Tamil/English,7.712321,81.698446
221,BATTICALOA ST. CECILIA'S GIRLS' COLLEGE,"2ND CROSS ROAD, BATTICALOA","BATTICALOA ST. CECILIA'S GIRLS' COLLEGE, 2ND CROSS ROAD, BATTICALOA, Sri Lanka",Eastern,http://www.kalzone.edu.lk/,Batticaloa,Batticaloa,Manmunai North (Bat),National,1AB,4.Grd 1-13,2.Girls,Tamil/English,7.7240172,81.6986407
222,MACAN MARKAR MAHA VIDYALAYA,"MEERAKERNY ROAD, ERAVUR","MACAN MARKAR MAHA VIDYALAYA, MEERAKERNY ROAD, ERAVUR, Sri Lanka",Eastern,http://www.kalzone.edu.lk/,Batticaloa,Batticaloa Central,Eravur Town,National,1AB,6.Grd 6-13,3.Mixed,Tamil,6.7587,80.7864
223,ALIGHAR CENTRAL COLLEGE,"MAIN STREET, ERAVUR","ALIGHAR CENTRAL COLLEGE, MAIN STREET, ERAVUR, Sri Lanka",Eastern,http://www.kalzone.edu.lk/,Batticaloa,Batticaloa Central,Eravur Town,National,1AB,6.Grd 6-13,3.Mixed,Tamil/English,7.7782,81.6038
224,KATTANKUDY MEERA BALIKA MAHA VIDYALAYAM,"MAIN STREET, KATTANKUDY","KATTANKUDY MEERA BALIKA MAHA VIDYALAYAM, MAIN STREET, KATTANKUDY, Sri Lanka",Eastern,http://www.kalzone.edu.lk/,Batticaloa,Batticaloa Central,Kaththankudy,National,1AB,4.Grd 1-13,2.Girls,Tamil/English,7.6853504,81.7262653
225,KATTANKUDY MADYA MAHA VIDYALAYAM,"322, BEACH ROAD, NEW KATTANKUDY 06","KATTANKUDY MADYA MAHA VIDYALAYAM, 322, BEACH ROAD, NEW KATTANKUDY 06, Sri Lanka",Eastern,http://www.kalzone.edu.lk/,Batticaloa,Batticaloa Central,Kaththankudy,National,1AB,6.Grd 6-13,3.Mixed,Tamil/English,7.6853504,81.7262653
226,ODDAMAVADI CENTERL COLLEGE,ODDAMAVADI,"ODDAMAVADI CENTERL COLLEGE, ODDAMAVADI, Sri Lanka",Eastern,http://www.kalzone.edu.lk/,Batticaloa,Batticaloa Central,Koralai Pattu West,National,1AB,6.Grd 6-13,1.Boys,Tamil/English,7.91667,81.51667
227,VALAICHEANAI AN NOOR NATIONAL SCHOOL,"MAIN CROSS ROAD, VALACHEANAI 5","VALAICHCHENAI AN NOOR NATIONAL SCHOOL, MAIN CROSS ROAD, VALACHEANAI 5, Sri Lanka",Eastern,http://www.kalzone.edu.lk/,Batticaloa,Batticaloa Central,Koralai Pattu West,National,1AB,6.Grd 6-13,3.Mixed,Tamil/English,7.92407,81.52627
228,VALAICHENAI HINDU COLLEGE,"KALKUDAH ROAD, VALAICHENAI","VALAICHENAI HINDU COLLEGE, KALKUDAH ROAD, VALAICHENAI, Sri Lanka",Eastern,http://www.kalzone.edu.lk/,Batticaloa,Kalkudah,Koralai Pattu,National,1AB,4.Grd 1-13,3.Mixed,Tamil/English,7.58333,81.75
229,PADDIRUPPU MADHYA MAHA VIDYALAYAM,KALUWANCHIKUDY - 30200,"PADDIRUPPU MADHYA MAHA VIDYALAYAM, KALUWANCHIKUDY - 30200, Sri Lanka",Eastern,http://www.kalzone.edu.lk/,Batticaloa,Paddrippu,Manmunai South & Eru,National,1AB,4.Grd 1-13,3.Mixed,Tamil,7.518161,81.8043127
230,KALUTHAVALAI MAHA VIDYALAYAM,"KALUTHAVALAI, PADDIRIPPU","KALUTHAVALAI MAHA VIDYALAYAM, KALUTHAVALAI, PADDIRIPPU, Sri Lanka",Eastern,http://www.kalzone.edu.lk/,Batticaloa,Paddrippu,Manmunai South & Eru,National,1AB,6.Grd 6-13,3.Mixed,Tamil,7.53333,81.78333
231,ADDALAICENAI M.M.V.,MAIN STREET ADDALAICENAI,"ADDALAICENAI M.M.V., MAIN STREET ADDALAICENAI, Sri Lanka",Eastern,http://www.kalzone.edu.lk/,Ampara,Akkaraipattu,Addalachchenai,National,1AB,6.Grd 6-13,3.Mixed,Tamil/English,7.25,81.85
232,AKKARAIPATTU MUSLIM CENTRAL COLLEGE (NATIONAL SC),AKKARAIPATTU-06,"AKKARAIPATTU MUSLIM CENTRAL COLLEGE (NATIONAL SC), AKKARAIPATTU-06, Sri Lanka",Eastern,http://www.kalzone.edu.lk/,Ampara,Akkaraipattu,Akkaraipattu,National,1AB,6.Grd 6-13,3.Mixed,Tamil/English,7.2305424,81.8373603
233,POTTUVIL CENTRAL COLLEGE,"R.M.NAGAR, POTTUVIL-27","POTTUVIL CENTRAL COLLEGE, R.M.NAGAR, POTTUVIL-27, Sri Lanka",Eastern,http://www.kalzone.edu.lk/,Ampara,Akkaraipattu,Pottuvil - I,National,1AB,6.Grd 6-13,3.Mixed,Tamil/English,6.8762,81.8267
234,AMPARA BANDARANAYAKA BALIKA MAHA VIDYALAYA,AMPARA,"AMPARA BANDARANAYAKA BALIKA MAHA VIDYALAYA, AMPARA, Sri Lanka",Eastern,http://www.kalzone.edu.lk/,Ampara,Ampara,Ampara,National,1AB,4.Grd 1-13,2.Girls,Sinhala/English,6.7587,80.7864
235,AMPARA D.S.SENANAYAKA MADYA MAHA VIDYALAYA,AMPARA,"AMPARA D.S.SENANAYAKA MADYA MAHA VIDYALAYA, AMPARA, Sri Lanka",Eastern,http://www.kalzone.edu.lk/,Ampara,Ampara,Ampara,National,1AB,6.Grd 6-13,3.Mixed,Sinhala/English,7.30379,81.67197
236,UHANA MAHA VIDYALAYA,UHANA,"UHANA MAHA VIDYALAYA, UHANA, Sri Lanka",Eastern,http://www.kalzone.edu.lk/,Ampara,Ampara,Uhana,National,1AB,4.Grd 1-13,3.Mixed,Sinhala,6.7587,80.7864
237,DEHIATTAKANDIYA M.M.V.,DEHIATTAKANDIYA,"DEHIATTAKANDIYA M.M.V., DEHIATTAKANDIYA, Sri Lanka",Eastern,http://www.kalzone.edu.lk/,Ampara,Dehiattakandiya,Dehiattakandiya,National,1AB,4.Grd 1-13,3.Mixed,Sinhala/English,7.6708094,81.0429236
238,KALMUNAI CARMEL FATIMA COLLEGE (NATIONAL SCHOOL),"YARD ROAD, KALMUNAI - 01B","KALMUNAI CARMEL FATIMA COLLEGE (NATIONAL SCHOOL), YARD ROAD, KALMUNAI - 01B, Sri Lanka",Eastern,http://www.kalzone.edu.lk/,Ampara,Kalmunai,Kalmunai Tamil,National,1AB,4.Grd 1-13,3.Mixed,Tamil/English,7.4188309,81.8238112
239,AL-ASHRAQ MADYA MAHA VIDYALAYA (NATIONAL SCHOOL),"MAIN STREET, NINTAVUR-25","AL-ASHRAQ MADYA MAHA VIDYALAYA (NATIONAL SCHOOL), MAIN STREET, NINTAVUR-25, Sri Lanka",Eastern,http://www.kalzone.edu.lk/,Ampara,Kalmunai,Ninthavur,National,1AB,6.Grd 6-13,3.Mixed,Tamil/English,7.357000129,81.84549253
240,SAINTHAMARUTHU ZAHIRA COLLEGE,"ZAHIRA COLLEGE ROAD, SAINTHAMARUTHU - 02","SAINTHAMARUTHU ZAHIRA COLLEGE, ZAHIRA COLLEGE ROAD, SAINTHAMARUTHU - 02, Sri Lanka",Eastern,http://www.kalzone.edu.lk/,Ampara,Kalmunai,Sainthamaruthu,National,1AB,6.Grd 6-13,1.Boys,Tamil/English,7.400154741,81.83976216
241,PADIYATHALAWA NATIONAL SCHOOL,PADIYATHALAWA,"PADIYATHALAWA NATIONAL SCHOOL, PADIYATHALAWA, Sri Lanka",Eastern,http://www.kalzone.edu.lk/,Ampara,Mahaoya,Padiyatalawa,National,1AB,6.Grd 6-13,3.Mixed,Sinhala,7.40018,81.24283
242,IRAKKAMAM ASHRAF CENTRAL COLLEGE,IRAKKAMAM-09,"IRAKKAMAM ASHRAF CENTRAL COLLEGE, IRAKKAMAM-09, Sri Lanka",Eastern,http://www.kalzone.edu.lk/,Ampara,Sammanthurai,Irakkamam,National,1AB,6.Grd 6-13,3.Mixed,Tamil,7.25,81.71667
243,SAMMANTHURAI AL-MARJAN MUSLIM LADIES COLLEGE,"AMPARA ROAD, SAMMANTHURAI","SAMMANTHURAI AL-MARJAN MUSLIM LADIES COLLEGE, AMPARA ROAD, SAMMANTHURAI, Sri Lanka",Eastern,http://www.kalzone.edu.lk/,Ampara,Sammanthurai,Sammanthurai,National,1AB,6.Grd 6-13,2.Girls,Tamil/English,7.36598,81.8113383
244,SAMMANTHURAI MUSLIM MADYA MAHA VIDYALAYAM,"AMPARA ROAD, SAMMANTHURAI","SAMMANTHURAI MUSLIM MADYA MAHA VIDYALAYAM, AMPARA ROAD, SAMMANTHURAI, Sri Lanka",Eastern,http://www.kalzone.edu.lk/,Ampara,Sammanthurai,Sammanthurai,National,1AB,6.Grd 6-13,3.Mixed,Tamil/English,7.371201216,81.8072788
245,SRI RAMAKRISHNA COLLEGE,AKKARAIPATTU,"SRI RAMAKRISHNA COLLEGE, AKKARAIPATTU, Sri Lanka",Eastern,http://www.kalzone.edu.lk/,Ampara,Thirukkovil,Alayadivembu,National,1AB,6.Grd 6-13,3.Mixed,Tamil/English,7.2185192,81.8499431
246,THAMBILUVIL MADHYA MAHA VIDYALAYAM (NS),"MAIN STREET, THAMBILUVIL","THAMBILUVIL MADHYA MAHA VIDYALAYAM (NS), MAIN STREET, THAMBILUVIL, Sri Lanka",Eastern,http://www.kalzone.edu.lk/,Ampara,Thirukkovil,Thirukkovil,National,1AB,6.Grd 6-13,3.Mixed,Tamil/English,7.1326,81.8514
247,KANTHALE AGRABODHI NATIONAL SCHOOL,KANTHALE,"KANTHALE AGRABODHI NATIONAL SCHOOL, KANTHALE, Sri Lanka",Eastern,http://www.kalzone.edu.lk/,Trincomalee,Kantale,Kantale,National,1AB,4.Grd 1-13,3.Mixed,Sinhala/English,8.356982,81.0065811
248,KINNIYA CENTRAL COLLEGE,"MAIN STREET, KINNIYA-05","KINNIYA CENTRAL COLLEGE, MAIN STREET, KINNIYA-05, Sri Lanka",Eastern,http://www.kalzone.edu.lk/,Trincomalee,Kinniya,Kinniya,National,1AB,4.Grd 1-13,1.Boys,Tamil/English,8.4981268,81.1805538
249,KINNIYA MUSLIM GIRLS' MAHA VIDYALAYAM,"PERIYA KINNIYA, KINNIYA-06","KINNIYA MUSLIM GIRLS' MAHA VIDYALAYAM, PERIYA KINNIYA, KINNIYA-06, Sri Lanka",Eastern,http://www.kalzone.edu.lk/,Trincomalee,Kinniya,Kinniya,National,1AB,4.Grd 1-13,2.Girls,Tamil/English,8.5046001,81.1797301
250,KINNIYA AL-AQSHA COLLEGE,"MAIN STREET, KINNIYA","KINNIYA AL-AQSHA COLLEGE, MAIN STREET, KINNIYA, Sri Lanka",Eastern,http://www.kalzone.edu.lk/,Trincomalee,Kinniya,Kinniya,National,1AB,6.Grd 6-13,3.Mixed,Tamil/English,8.4909,81.1853
251,MUTTUR CENTRAL COLLEGE,"KNOX ROAD, MUTUR-05","MUTTUR CENTRAL COLLEGE, KNOX ROAD, MUTUR-05, Sri Lanka",Eastern,http://www.kalzone.edu.lk/,Trincomalee,Muttur,Muttur,National,1AB,6.Grd 6-13,3.Mixed,Tamil,8.4518112,81.2628423
252,TRINCOMALEE R.K.M.SRI KONESWARA HINDU COLLEGE,"246, DOCKYARD ROAD TRINCOMALEE","TRINCOMALEE R.K.M.SRI KONESWARA HINDU COLLEGE, 246, DOCKYARD ROAD TRINCOMALEE, Sri Lanka",Eastern,http://www.kalzone.edu.lk/,Trincomalee,Trincomalee,Trincomalee Town,National,1AB,4.Grd 1-13,1.Boys,Tamil/English,8.574433,81.234992
253,TRINCOMALEE ST. JOSEPH'S COLLEGE,"POWER HOUSE ROAD, TRINCOMALEE","TRINCOMALEE ST. JOSEPH'S COLLEGE, POWER HOUSE ROAD, TRINCOMALEE, Sri Lanka",Eastern,http://www.kalzone.edu.lk/,Trincomalee,Trincomalee,Trincomalee Town,National,1AB,4.Grd 1-13,1.Boys,Tamil/English,8.583877,81.2286835
254,TRINCOMALEE SRI SHANMUGA HINDU LADIES' COLLEGE,"VIDYALAYAM ROAD, TRINCOMALEE","TRINCOMALEE SRI SHANMUGA HINDU LADIES' COLLEGE, VIDYALAYAM ROAD, TRINCOMALEE, Sri Lanka",Eastern,http://www.kalzone.edu.lk/,Trincomalee,Trincomalee,Trincomalee Town,National,1AB,4.Grd 1-13,2.Girls,Tamil/English,8.575241,81.232593
255,TRINCOMALEE ST. MARY'S COLLEGE,"DOCKYARD ROAD, TRINCOMALEE","TRINCOMALEE ST. MARY'S COLLEGE, DOCKYARD ROAD, TRINCOMALEE, Sri Lanka",Eastern,http://www.kalzone.edu.lk/,Trincomalee,Trincomalee,Trincomalee Town,National,1AB,4.Grd 1-13,2.Girls,Tamil/English,8.571653,81.236123
256,SINHALA MADYA MAHA VIDYALAYA,"INNER HARBOUR ROAD, TRINCOMALEE","SINHALA MADYA MAHA VIDYALAYA, INNER HARBOUR ROAD, TRINCOMALEE, Sri Lanka",Eastern,http://www.kalzone.edu.lk/,Trincomalee,Trincomalee,Trincomalee Town,National,1AB,4.Grd 1-13,3.Mixed,Sinhala,8.583877,81.2286835
257,RAJAKEEYA VIDYALOKA M.V. (N.S.) -TRINCOMALEE,"NORTH COAST ROAD, TRINCOMALEE","RAJAKEEYA VIDYALOKA M.V. (N.S.) -TRINCOMALEE, NORTH COAST ROAD, TRINCOMALEE, Sri Lanka",Eastern,http://www.kalzone.edu.lk/,Trincomalee,Trincomalee,Trincomalee Town,National,1C,4.Grd 1-13,3.Mixed,Sinhala,8.581371,81.229908
258,NARAMMALA MAYURAPADA N.S.,NARAMMALA,"NARAMMALA MAYURAPADA N.S., NARAMMALA, Sri Lanka",North Western,https://nwpedu.lk/,Kurunegala,Giriulla,Alawwa,National,1AB,6.Grd 6-13,3.Mixed,Sinhala/English,7.4300486,80.2142206
259,ALAWWA SRI RAHULA N.S,ALAWWA,"ALAWWA SRI RAHULA N.S, ALAWWA, Sri Lanka",North Western,https://nwpedu.lk/,Kurunegala,Giriulla,Alawwa,National,1AB,6.Grd 6-13,3.Mixed,Sinhala/English,7.2938567,80.2390374
260,NAKKAWATTTHA M.M.V.,NAKKAWATTA,"NAKKAWATTTHA M.M.V., NAKKAWATTA, Sri Lanka",North Western,https://nwpedu.lk/,Kurunegala,Giriulla,Kuliyapitiya East,National,1AB,4.Grd 1-13,3.Mixed,Sinhala/English,7.44874,80.14452
261,SIYAMBALAGASKOTUWA MADEENA NATIONAL SCHOOL,SIYAMBALAGASKOTUWA,"SIYAMBALAGASKOTUWA MADEENA NATIONAL SCHOOL, SIYAMBALAGASKOTUWA, Sri Lanka",North Western,https://nwpedu.lk/,Kurunegala,Giriulla,Kuliyapitiya East,National,1AB,4.Grd 1-13,3.Mixed,Tamil/English,7.4967553,80.1902981
262,KEKUNAGOLLA NATIONAL SCHOOL,KEKUNAGOLLA,"KEKUNAGOLLA NATIONAL SCHOOL, KEKUNAGOLLA, Sri Lanka",North Western,https://nwpedu.lk/,Kurunegala,Giriulla,Kuliyapitiya East,National,1AB,6.Grd 6-13,3.Mixed,Tamil/English,7.4965735,80.1728865
263,GIRIULLA WICKRAMASHILA N.S.,GIRIULLA,"GIRIULLA WICKRAMASHILA N.S., GIRIULLA, Sri Lanka",North Western,https://nwpedu.lk/,Kurunegala,Giriulla,Pannala,National,1AB,4.Grd 1-13,3.Mixed,Sinhala/English,7.3211,80.1235
264,PANNALA NATIONAL SCHOOL,PANNALA,"PANNALA NATIONAL SCHOOL, PANNALA, Sri Lanka",North Western,https://nwpedu.lk/,Kurunegala,Giriulla,Pannala,National,1AB,4.Grd 1-13,3.Mixed,Sinhala/English,7.3336987,80.03041
265,SANDALANKA  M.M.V.,SANDALANKAWA,"SANDALANKA  M.M.V., SANDALANKAWA, Sri Lanka",North Western,https://nwpedu.lk/,Kurunegala,Giriulla,Pannala,National,1AB,6.Grd 6-13,3.Mixed,Sinhala/English,7.3126,79.945
266,GANEWATHTHA S.B.HERATH M.M.V.,"GANEWATHTHA, NIKADALUPOTHA.","GANEWATHTHA S.B.HERATH M.M.V., GANEWATHTHA, NIKADALUPOTHA., Sri Lanka",North Western,https://nwpedu.lk/,Kurunegala,Ibbagamuwa,Ganewatta,National,1AB,6.Grd 6-13,3.Mixed,Sinhala,7.6553812,80.3710014
267,IBBAGAMUWA CENTRAL COLLEGE,IBBAGAMUWA,"IBBAGAMUWA CENTRAL COLLEGE, IBBAGAMUWA, Sri Lanka",North Western,https://nwpedu.lk/,Kurunegala,Ibbagamuwa,Ibbagamuwa,National,1AB,6.Grd 6-13,3.Mixed,Sinhala/English,7.5472186,80.4495606
268,BINGIRIYA SRI SARANANKARA NATIONAL SCHOOL,BINGIRIYA,"BINGIRIYA SRI SARANANKARA NATIONAL SCHOOL, BINGIRIYA, Sri Lanka",North Western,https://nwpedu.lk/,Kurunegala,Kuliyapitiya,Bingiriya,National,1AB,4.Grd 1-13,3.Mixed,Sinhala/English,6.8703651,79.8667715
269,KULIYAPITIYA CENTRAL COLLEAGE,MEEGAHAKOTUWA KULIYAPITIYA,"KULIYAPITIYA CENTRAL COLLEAGE, MEEGAHAKOTUWA KULIYAPITIYA, Sri Lanka",North Western,https://nwpedu.lk/,Kurunegala,Kuliyapitiya,Kuliyapitiya West,National,1AB,6.Grd 6-13,3.Mixed,Sinhala/English,7.4677742,80.0261772
270,KULIYAPITIYA SARANATH VIDYALAYA,KULIYAPITIYA,"KULIYAPITIYA SARANATH VIDYALAYA, KULIYAPITIYA, Sri Lanka",North Western,https://nwpedu.lk/,Kurunegala,Kuliyapitiya,Kuliyapitiya West,National,1AB,6.Grd 6-13,3.Mixed,Sinhala/English,7.4692069,80.0412547
271,PANDUWASNUWARA S.W.R.D.BANDARANAYAKA NATIONAL SCHOOL,PANDUWASNUWARA,"PANDUWASNUWARA S.W.R.D.BANDARANAYAKA NATIONAL SCHOOL, PANDUWASNUWARA, Sri Lanka",North Western,https://nwpedu.lk/,Kurunegala,Kuliyapitiya,Panduwasnuwara,National,1AB,6.Grd 6-13,3.Mixed,Sinhala/English,7.6029869,80.1080342
272,DUMMALASOORIYA J.R.JAYAWARDANA M.M.V.,DUMMALASOORIYA,"DUMMALASOORIYA J.R.JAYAWARDANA M.M.V., DUMMALASOORIYA, Sri Lanka",North Western,https://nwpedu.lk/,Kurunegala,Kuliyapitiya,Udubaddawa,National,1AB,6.Grd 6-13,3.Mixed,Sinhala,7.4931706,79.9104773
273,KURUNEGALA MALIYADEVA COLLEGE,"NEGOMBO ROAD, KURUNEGALA","KURUNEGALA MALIYADEVA COLLEGE, NEGOMBO ROAD, KURUNEGALA, Sri Lanka",North Western,https://nwpedu.lk/,Kurunegala,Kurunegala,Kurunegala,National,1AB,4.Grd 1-13,1.Boys,Sinhala/English,7.487333,80.359567
274,KURUNEGALA MALIYADEVA BALIKA VIDYALAYA,"COLOMBO ROAD, KURUNEGALA","KURUNEGALA MALIYADEVA BALIKA VIDYALAYA, COLOMBO ROAD, KURUNEGALA, Sri Lanka",North Western,https://nwpedu.lk/,Kurunegala,Kurunegala,Kurunegala,National,1AB,4.Grd 1-13,2.Girls,Sinhala/English,7.482895,80.362455
275,KURUNEGALA VISHVODA NATIONAL SCHOOL,"BOYAGANE, KURUNEGALA","KURUNEGALA VISHVODA NATIONAL SCHOOL, BOYAGANE, KURUNEGALA, Sri Lanka",North Western,https://nwpedu.lk/,Kurunegala,Kurunegala,Kurunegala,National,1AB,6.Grd 6-13,3.Mixed,Sinhala/English,7.4523259,80.3376027
276,MAWATHAGAMA M.M.V.,"KANDY ROAD, MAWATHAGAMA","MAWATHAGAMA M.M.V., KANDY ROAD, MAWATHAGAMA, Sri Lanka",North Western,https://nwpedu.lk/,Kurunegala,Kurunegala,Mawathagama,National,1AB,4.Grd 1-13,3.Mixed,Sinhala/English,7.3361661,80.4898671
277,PARAGAHADENIYA NATIONAL SCHOOL,PARAGAHADENIYA,"PARAGAHADENIYA NATIONAL SCHOOL, PARAGAHADENIYA, Sri Lanka",North Western,https://nwpedu.lk/,Kurunegala,Kurunegala,Mawathagama,National,1AB,4.Grd 1-13,3.Mixed,Tamil/English,7.4142434,80.4728541
278,SRI NISHSHANKA M.M.V. (N.S.) - INDULGODAKANDA,INDULGODAKANDA KURUNEGALA,"SRI NISHSHANKA M.M.V. (N.S.) - INDULGODAKANDA, INDULGODAKANDA KURUNEGALA, Sri Lanka",North Western,https://nwpedu.lk/,Kurunegala,Kurunegala,Mawathagama,National,1C,4.Grd 1-13,3.Mixed,Sinhala,7.4236161,80.4007404
279,POLGAHAWELA PARAKRAMABAHU MADYA MAHA VIDYALAYA,POLGAHAWELA,"POLGAHAWELA PARAKRAMABAHU MADYA MAHA VIDYALAYA, POLGAHAWELA, Sri Lanka",North Western,https://nwpedu.lk/,Kurunegala,Kurunegala,Polgahawela,National,1AB,6.Grd 6-13,3.Mixed,Sinhala/English,7.3287343,80.300943
280,GALGAMUWA U B WANNINAYA NATIONAL COLLEGE,"NANNERIYA ROAD, GALGAMUWA","GALGAMUWA U B WANNINAYA NATIONAL COLLEGE, NANNERIYA ROAD, GALGAMUWA, Sri Lanka",North Western,https://nwpedu.lk/,Kurunegala,Maho,Galgamuwa,National,1AB,4.Grd 1-13,3.Mixed,Sinhala/English,8.0020278,80.2711171
281,MEEGALEWA MAHWELI N.S.,MEEGALEWA,"MEEGALEWA MAHWELI N.S., MEEGALEWA, Sri Lanka",North Western,https://nwpedu.lk/,Kurunegala,Maho,Galgamuwa,National,1AB,6.Grd 6-13,3.Mixed,Sinhala/English,8.0557654,80.3556054
282,PERAKUMPURA NATIONAL SCHOOL,"R.L.B. TRACK 03, SOLEPURA","PERAKUMPURA NATIONAL SCHOOL, R.L.B. TRACK 03, SOLEPURA, Sri Lanka",North Western,https://nwpedu.lk/,Kurunegala,Maho,Giribawa,National,1AB,4.Grd 1-13,3.Mixed,Sinhala,8.1494489,80.1550469
283,MAHO VIJAYABA N.S.,MAHO,"MAHO VIJAYABA N.S., MAHO, Sri Lanka",North Western,https://nwpedu.lk/,Kurunegala,Maho,Maho,National,1AB,4.Grd 1-13,3.Mixed,Sinhala/English,7.8238771,80.2749457
284,POLPITHIGAMA N.S.,POLPITHIGAMA,"POLPITHIGAMA N.S., POLPITHIGAMA, Sri Lanka",North Western,https://nwpedu.lk/,Kurunegala,Maho,Polpitigama,National,1AB,6.Grd 6-13,3.Mixed,Sinhala,7.8144734,80.4044982
285,SRI PARACKRAMA N.S.,KOBEIGANE,"SRI PARACKRAMA N.S., KOBEIGANE, Sri Lanka",North Western,https://nwpedu.lk/,Kurunegala,Nikaweratiya,Kobeigane,National,1AB,4.Grd 1-13,3.Mixed,Sinhala/English,7.6568261,80.1261304
286,NIKAWERATIYA MAHASEN N.S.,NIKAWERATIYA,"NIKAWERATIYA MAHASEN N.S., NIKAWERATIYA, Sri Lanka",North Western,https://nwpedu.lk/,Kurunegala,Nikaweratiya,Nikaweratiya,National,1AB,6.Grd 6-13,3.Mixed,Sinhala/English,7.7387126,80.1143897
287,WARIYAPOLA SRI SUMANGALA M.M.V.,WARIYAPOLA,"WARIYAPOLA SRI SUMANGALA M.M.V., WARIYAPOLA, Sri Lanka",North Western,https://nwpedu.lk/,Kurunegala,Nikaweratiya,Wariyapola,National,1AB,4.Grd 1-13,3.Mixed,Sinhala/English,7.620034,80.243237
288,CHILAW ANANDA NATIONAL SCHOOL,"COLOMBO ROAD, CHILAW","CHILAW ANANDA NATIONAL SCHOOL, COLOMBO ROAD, CHILAW, Sri Lanka",North Western,https://nwpedu.lk/,Puttalam,Chilaw,Chilaw,National,1AB,4.Grd 1-13,3.Mixed,Sinhala/English,7.5756938,79.791584
289,MADAMPE SENANAYAKA NATIONAL SCHOOL,MADAMPE,"MADAMPE SENANAYAKA NATIONAL SCHOOL, MADAMPE, Sri Lanka",North Western,https://nwpedu.lk/,Puttalam,Chilaw,Chilaw,National,1AB,6.Grd 6-13,3.Mixed,Sinhala/English,7.496863,79.8411336
290,NATHTHANDIYA DHAMMISSARA NATIONAL SCHOOL,NATHTHANDIYA,"NATHTHANDIYA DHAMMISSARA NATIONAL SCHOOL, NATHTHANDIYA, Sri Lanka",North Western,https://nwpedu.lk/,Puttalam,Chilaw,Nattandiya,National,1AB,4.Grd 1-13,3.Mixed,Sinhala/English,7.412247,79.8660166
291,WENNAPPUWA ST. JOSEPH VAZ COLLEGE,WENNAPPUWA,"WENNAPPUWA ST. JOSEPH VAZ COLLEGE, WENNAPPUWA, Sri Lanka",North Western,https://nwpedu.lk/,Puttalam,Chilaw,Wennappuwa,National,1AB,4.Grd 1-13,1.Boys,Sinhala/English,7.344899,79.8544008
292,KALPITIYA AL-AQSHA NATIOAL SCHOOL,"U M U ROAD, KALPITIYA","KALPITIYA AL-AQSHA NATIOAL SCHOOL, U M U ROAD, KALPITIYA, Sri Lanka",North Western,https://nwpedu.lk/,Puttalam,Puttalam,Kalpitiya,National,1AB,4.Grd 1-13,3.Mixed,Tamil,8.2365289,79.7658554
293,ANANDA NATIONAL SCHOOL,PUTTLAM,"ANANDA NATIONAL SCHOOL, PUTTLAM, Sri Lanka",North Western,https://nwpedu.lk/,Puttalam,Puttalam,Puttalam North,National,1C,6.Grd 6-13,3.Mixed,Sinhala,8.0235574,79.8378137
294,PUTTALAM ZAHIRA COLLEGE,MANNAR ROAD  PUTTALAM,"PUTTALAM ZAHIRA COLLEGE , MANNAR ROAD  PUTTALAM, Sri Lanka",North Western,https://nwpedu.lk/,Puttalam,Puttalam,Puttalam North,National,1C,6.Grd 6-13,3.Mixed,Tamil/English,8.0269066,79.8372142
295,ANURADHAPURA SWARNAPALI GIRLS COLLEGE,ANURADHAPURA,"ANURADHAPURA SWARNAPALI GIRLS COLLEGE, ANURADHAPURA, Sri Lanka",North Central,https://www.edncp.lk/,Anuradhapura,Anuradhapura,Nuwaragampalata East,National,1AB,4.Grd 1-13,2.Girls,Sinhala/English,8.334814,80.405585
296,ANURADHAPURA ZAHIRA COLLEGE,ANURADHAPURA,"ANURADHAPURA ZAHIRA COLLEGE, ANURADHAPURA, Sri Lanka",North Central,https://www.edncp.lk/,Anuradhapura,Anuradhapura,Nuwaragampalata East,National,1AB,4.Grd 1-13,3.Mixed,Tamil/English,8.320654,80.397115
297,ANURADHAPURA CENTRAL COLLEGE,ANURADHAPURA,"ANURADHAPURA CENTRAL COLLEGE, ANURADHAPURA, Sri Lanka",North Central,https://www.edncp.lk/,Anuradhapura,Anuradhapura,Nuwaragampalata East,National,1AB,6.Grd 6-13,3.Mixed,Sinhala/English,8.3358657,80.4075871
298,MEDAWACHCHIYA MAITHRIPALA SENANAYAKA CENTRAL COLLEGE,MEDAWACHCHIYA,"MEDAWACHCHIYA MAITHRIPALA SENANAYAKA CENTRAL COLLEGE, MEDAWACHCHIYA, Sri Lanka",North Central,https://www.edncp.lk/,Anuradhapura,Kebithigollewa,Medawachchiya,National,1AB,6.Grd 6-13,3.Mixed,Sinhala/English,8.5349918,80.4998548
299,KEKIRAWA CENTRAL COLLEGE,KEKIRAWA,"KEKIRAWA CENTRAL COLLEGE, KEKIRAWA, Sri Lanka",North Central,https://www.edncp.lk/,Anuradhapura,Kekirawa,Kekirawa,National,1AB,6.Grd 6-13,3.Mixed,Sinhala/English,8.0585147,80.5859047
300,EPPAWALA SRI SIDDARTHA MAHA VIDYALAYA,EPPAWALA,"EPPAWALA SRI SIDDARTHA MAHA VIDYALAYA, EPPAWALA, Sri Lanka",North Central,https://www.edncp.lk/,Anuradhapura,Thambuttegama,Thalawa,National,1AB,6.Grd 6-13,3.Mixed,Sinhala/English,6.7587,80.7864
301,VILAYAYA C.C,ARALAGANWILA,"VILAYAYA C.C, ARALAGANWILA, Sri Lanka",North Central,https://www.edncp.lk/,Polonnaruwa,Dimbulagala,Aralaganwila,National,1AB,6.Grd 6-13,3.Mixed,Sinhala/English,7.78252,81.18279
302,BAKAMUNA MAHASEN MADYA MAHA VIDYALAYA,BAKAMUNA,"BAKAMUNA MAHASEN MADYA MAHA VIDYALAYA, BAKAMUNA, Sri Lanka",North Central,https://www.edncp.lk/,Polonnaruwa,Hingurakgoda,Elahera,National,1AB,6.Grd 6-13,3.Mixed,Sinhala,6.7587,80.7864
303,ANANDA BALIKA N.S,HINGURAKGODA,"ANANDA BALIKA N.S, HINGURAKGODA, Sri Lanka",North Central,https://www.edncp.lk/,Polonnaruwa,Hingurakgoda,Hingurakgoda,National,1AB,6.Grd 6-13,2.Girls,Sinhala/English,8.0401642,80.9516421
304,HINGURAKGODA MINNERIYA N.S.,HINGURAKGODA,"HINGURAKGODA MINNERIYA N.S., HINGURAKGODA, Sri Lanka",North Central,https://www.edncp.lk/,Polonnaruwa,Hingurakgoda,Hingurakgoda,National,1AB,6.Grd 6-13,3.Mixed,Sinhala,8.04981,80.9814
305,MEDIRIGIRIYA NATIONAL SCHOOL,MEDIRIGIRIYA,"MEDIRIGIRIYA NATIONAL SCHOOL, MEDIRIGIRIYA, Sri Lanka",North Central,https://www.edncp.lk/,Polonnaruwa,Hingurakgoda,Medirigiriya,National,1AB,6.Grd 6-13,3.Mixed,Sinhala/English,8.1404399,80.9640882
306,DIVULANKADAWALA CENTRAL COLLEGE,DIVULANKADAWALA,"DIVULANKADAWALA CENTRAL COLLEGE, DIVULANKADAWALA, Sri Lanka",North Central,https://www.edncp.lk/,Polonnaruwa,Hingurakgoda,Medirigiriya,National,1AB,6.Grd 6-13,3.Mixed,Sinhala/English,8.1139742,80.9323482
307,POLONNARUWA THOPAWEWA MAHA VIDYALAYA,POLONNARUWA,"POLONNARUWA THOPAWEWA MAHA VIDYALAYA, POLONNARUWA, Sri Lanka",North Central,https://www.edncp.lk/,Polonnaruwa,Polonnaruwa,Thamankaduwa,National,1AB,4.Grd 1-13,3.Mixed,Sinhala,7.9335253,81.0016901
308,POLONNARUWA ROYAL CENTRAL COLLEGE,"NEW TOWN, POLONNARUWA","POLONNARUWA ROYAL CENTRAL COLLEGE, NEW TOWN, POLONNARUWA, Sri Lanka",North Central,https://www.edncp.lk/,Polonnaruwa,Polonnaruwa,Thamankaduwa,National,1AB,6.Grd 6-13,3.Mixed,Sinhala/English,7.991263765,81.02727855
309,POLONNARUWA MUSLIM CENTRAL COLLEGE,KADURUWELA POLONNARUWA,"POLONNARUWA MUSLIM CENTRAL COLLEGE, KADURUWELA POLONNARUWA, Sri Lanka",North Central,https://www.edncp.lk/,Polonnaruwa,Polonnaruwa,Thamankaduwa,National,1AB,6.Grd 6-13,3.Mixed,Tamil,7.991263765,81.02727855
310,BADULLA DHARMADUTHA NATIONAL COLLEGE,BADULLA,"BADULLA DHARMADUTHA NATIONAL COLLEGE, BADULLA, Sri Lanka",Uva,http://www.edudept.up.gov.lk/upde/,Badulla,Badulla,Badulla,National,1AB,4.Grd 1-13,1.Boys,Sinhala/English,6.9788649,81.0593041
311,BADULLA VISHAKA GIRLS' HIGH SCHOOL,BADULLA,"BADULLA VISHAKA GIRLS' HIGH SCHOOL, BADULLA, Sri Lanka",Uva,http://www.edudept.up.gov.lk/upde/,Badulla,Badulla,Badulla,National,1AB,4.Grd 1-13,2.Girls,Sinhala/English,6.9808771,81.0604081
312,BADULLA MADYA MAHA VIDYALAYA,BADULLA,"BADULLA MADYA MAHA VIDYALAYA, BADULLA, Sri Lanka",Uva,http://www.edudept.up.gov.lk/upde/,Badulla,Badulla,Badulla,National,1AB,6.Grd 6-13,3.Mixed,Sinhala/English,6.7587,80.7864
313,BADULLA SARASWATHY CENTRAL COLLEGE,"MAHIYANGANA ROAD, BADULLA","BADULLA SARASWATHY CENTRAL COLLEGE, MAHIYANGANA ROAD, BADULLA, Sri Lanka",Uva,http://www.edudept.up.gov.lk/upde/,Badulla,Badulla,Badulla,National,1AB,6.Grd 6-13,3.Mixed,Tamil/English,6.994557,81.057621
314,ETTAMPITIYA NATIONAL COLLEGE,ETTAMPITIYA,"ETTAMPITIYA NATIONAL COLLEGE, ETTAMPITIYA, Sri Lanka",Uva,http://www.edudept.up.gov.lk/upde/,Badulla,Badulla,Hali-Ela,National,1AB,4.Grd 1-13,3.Mixed,Sinhala/English,6.9387,80.9717
315,HALI-ELA CENTRAL COLLEGE,HALI-ELA,"HALI-ELA CENTRAL COLLEGE, HALI-ELA, Sri Lanka",Uva,http://www.edudept.up.gov.lk/upde/,Badulla,Badulla,Hali-Ela,National,1AB,4.Grd 1-13,3.Mixed,Sinhala/English,7.1463,80.7667
316,BANDARAWELA KUDAKUSUM BALIKA M.V.,BANDARAWELA,"BANDARAWELA KUDAKUSUM BALIKA M.V., BANDARAWELA, Sri Lanka",Uva,http://www.edudept.up.gov.lk/upde/,Badulla,Bandarawela,Bandarawela,National,1AB,4.Grd 1-13,2.Girls,Sinhala/English,6.8254915,80.9938279
317,BANDARAWELA M.M.V.,"KINIGAMA, BANDARAWELA","BANDARAWELA M.M.V., KINIGAMA, BANDARAWELA, Sri Lanka",Uva,http://www.edudept.up.gov.lk/upde/,Badulla,Bandarawela,Bandarawela,National,1AB,4.Grd 1-13,3.Mixed,Sinhala/English,6.8293295,81.0117136
318,BANDARAWELA ST. JOSEPH'S COLLEGE,BANDARAWELA,"BANDARAWELA ST. JOSEPH'S COLLEGE, BANDARAWELA, Sri Lanka",Uva,http://www.edudept.up.gov.lk/upde/,Badulla,Bandarawela,Bandarawela,National,1AB,4.Grd 1-13,3.Mixed,Sinhala/English,6.8254915,80.9938279
319,BANDARAWELA VISHAKA B.M.M.V.,BANDARAWELA,"BANDARAWELA VISHAKA B.M.M.V., BANDARAWELA, Sri Lanka",Uva,http://www.edudept.up.gov.lk/upde/,Badulla,Bandarawela,Bandarawela,National,1AB,6.Grd 6-13,2.Girls,Sinhala/English,6.8254915,80.9938279
320,HALPE NATIONAL SCHOOL,HELA - HALPE,"HALPE NATIONAL SCHOOL, HELA - HALPE, Sri Lanka",Uva,http://www.edudept.up.gov.lk/upde/,Badulla,Bandarawela,Ella,National,1AB,6.Grd 6-13,3.Mixed,Sinhala,6.8885,81.0357
321,NAULLA M.M.V.,"NAULLA, DEMODARA","NAULLA M.M.V., NAULLA, DEMODARA, Sri Lanka",Uva,http://www.edudept.up.gov.lk/upde/,Badulla,Bandarawela,Ella,National,1C,4.Grd 1-13,3.Mixed,Sinhala,6.8858,81.0593
322,ANANDA M.M.V.,"WALHAPUTHENNA, HALDUMMULLA","ANANDA M.M.V., WALHAPUTHENNA, HALDUMMULLA, Sri Lanka",Uva,http://www.edudept.up.gov.lk/upde/,Badulla,Bandarawela,Haldummulla,National,1AB,6.Grd 6-13,3.Mixed,Sinhala,6.7642793,80.8670339
323,KOSLANDA M.M.V.,"WELLAWAYA ROAD, KOSLANDA","KOSLANDA M.M.V., WELLAWAYA ROAD, KOSLANDA, Sri Lanka",Uva,http://www.edudept.up.gov.lk/upde/,Badulla,Bandarawela,Haldummulla,National,1C,6.Grd 6-13,3.Mixed,Sinhala/English,6.7781311,81.0350928
324,SRI JANANANDA.M.V.,"KADURUGAMUWA, DIYATHALAWA","SRI JANANANDA.M.V., KADURUGAMUWA, DIYATHALAWA, Sri Lanka",Uva,http://www.edudept.up.gov.lk/upde/,Badulla,Bandarawela,Haputale,National,1AB,6.Grd 6-13,3.Mixed,Sinhala,6.8016,80.9398
325,KAHAGOLLA M.V.,"KAHAGOLLA, DIYATHALAWA","KAHAGOLLA M.V., KAHAGOLLA, DIYATHALAWA, Sri Lanka",Uva,http://www.edudept.up.gov.lk/upde/,Badulla,Bandarawela,Haputale,National,1C,4.Grd 1-13,3.Mixed,Sinhala,7.6526048,80.1745316
326,MAHIYANGANAYA N.S,MAHIYANGANAYA,"MAHIYANGANAYA N.S, MAHIYANGANAYA, Sri Lanka",Uva,http://www.edudept.up.gov.lk/upde/,Badulla,Mahiyanganaya,Mahiyanganaya,National,1AB,6.Grd 6-13,3.Mixed,Sinhala/English,7.3373266,80.9923826
327,ANDAULPOTHA N.S.,"URANIYA, MAHIYANGANAYA","ANDAULPOTHA N.S., URANIYA, MAHIYANGANAYA, Sri Lanka",Uva,http://www.edudept.up.gov.lk/upde/,Badulla,Mahiyanganaya,Rideemaliyedda,National,1C,6.Grd 6-13,3.Mixed,Sinhala,7.261263139,81.08360744
328,PASSARA TAMIL MAHA VIDYALAYA,PASSARA,"PASSARA TAMIL MAHA VIDYALAYA, PASSARA, Sri Lanka",Uva,http://www.edudept.up.gov.lk/upde/,Badulla,Passara,Passara,National,1AB,4.Grd 1-13,3.Mixed,Tamil,6.7587,80.7864
329,PASSARA MADYA VIDYALAYA,PASSARA,"PASSARA MADYA VIDYALAYA, PASSARA, Sri Lanka",Uva,http://www.edudept.up.gov.lk/upde/,Badulla,Passara,Passara,National,1AB,6.Grd 6-13,3.Mixed,Sinhala/English,6.9349572,81.1543123
330,VIYALUWA D.S.SENANAYAKE NATIONAL SCHOOL,KANDAKETIYA,"VIYALUWA D.S.SENANAYAKE NATIONAL SCHOOL, KANDAKETIYA, Sri Lanka",Uva,http://www.edudept.up.gov.lk/upde/,Badulla,Viyaluwa,Kandaketiya,National,1C,6.Grd 6-13,3.Mixed,Sinhala,7.1706815,81.0042366
331,MEEGAHAKIVULA NATIONAL COLLEGE,"MEEGAHAKIVULA, BADULLA","MEEGAHAKIVULA NATIONAL COLLEGE, MEEGAHAKIVULA, BADULLA, Sri Lanka",Uva,http://www.edudept.up.gov.lk/upde/,Badulla,Viyaluwa,Meegahakivula,National,1AB,6.Grd 6-13,3.Mixed,Sinhala,7.135556126,81.04574672
332,KANDEGEDARA NATIONAL SCHOOL,"KANDEGEDARA, HALIELA","KANDEGEDARA NATIONAL SCHOOL, KANDEGEDARA, HALIELA, Sri Lanka",Uva,http://www.edudept.up.gov.lk/upde/,Badulla,Viyaluwa,Soranatota,National,1C,6.Grd 6-13,3.Mixed,Sinhala,7.4715867,80.6134887
333,LOONUWATTA NATIONAL SCHOOL,LOONUWATTA,"LOONUWATTA NATIONAL SCHOOL, LOONUWATTA, Sri Lanka",Uva,http://www.edudept.up.gov.lk/upde/,Badulla,Welimada,Uva Paranagama,National,1AB,4.Grd 1-13,3.Mixed,Sinhala,6.9551,80.92478
334,WELIMADA MADYA MAHA VIDYALAYA,WELIMADA,"WELIMADA MADYA MAHA VIDYALAYA, WELIMADA, Sri Lanka",Uva,http://www.edudept.up.gov.lk/upde/,Badulla,Welimada,Welimada,National,1AB,6.Grd 6-13,3.Mixed,Sinhala/English,6.7587,80.7864
335,GURUTHALAWA MUSLIM CENTRAL COLLEGE,GURUTHATHLAWA,"GURUTHALAWA MUSLIM CENTRAL COLLEGE, GURUTHATHLAWA, Sri Lanka",Uva,http://www.edudept.up.gov.lk/upde/,Badulla,Welimada,Welimada,National,1AB,6.Grd 6-13,3.Mixed,Tamil/English,6.84671,80.9089
336,BORALANDA WANGIYAKUMBURA M.M.V.,BORALANDA,"BORALANDA WANGIYAKUMBURA M.M.V., BORALANDA, Sri Lanka",Uva,http://www.edudept.up.gov.lk/upde/,Badulla,Welimada,Welimada,National,1C,6.Grd 6-13,3.Mixed,Sinhala,6.827,80.894
337,BIBILE WELLASSA N.S.,"HEWELWELA, BIBILE","BIBILE WELLASSA N.S., HEWELWELA, BIBILE, Sri Lanka",Uva,http://www.edudept.up.gov.lk/upde/,Moneragala,Bibile,Bibile,National,1AB,6.Grd 6-13,3.Mixed,Sinhala/English,7.1296335,81.2164687
338,MEDAGAMA N.S.,MEDAGAMA,"MEDAGAMA N.S., MEDAGAMA, Sri Lanka",Uva,http://www.edudept.up.gov.lk/upde/,Moneragala,Bibile,Medagama,National,1AB,6.Grd 6-13,3.Mixed,Sinhala/English,7.0362111,81.2736827
339,BADALKUMBURA NISHSHANKA M.M.V.,BADALKUMBURA,"BADALKUMBURA NISHSHANKA M.M.V., BADALKUMBURA, Sri Lanka",Uva,http://www.edudept.up.gov.lk/upde/,Moneragala,Moneragala,Badalkumbura,National,1AB,6.Grd 6-13,3.Mixed,Sinhala/English,6.8972753,81.2388449
340,MONARAGALA RAJAKEEYA V.,MONARAGALA,"MONARAGALA RAJAKEEYA V., MONARAGALA, Sri Lanka",Uva,http://www.edudept.up.gov.lk/upde/,Moneragala,Moneragala,Moneragala,National,1AB,4.Grd 1-13,3.Mixed,Sinhala/English,6.871681,81.3499028
341,MONARAGALA MAHANAMA M.M.V.,MONARAGALA,"MONARAGALA MAHANAMA M.M.V., MONARAGALA, Sri Lanka",Uva,http://www.edudept.up.gov.lk/upde/,Moneragala,Moneragala,Moneragala,National,1AB,6.Grd 6-13,3.Mixed,Sinhala/English,6.871681,81.3499028
342,KATHARAGAMA M.M.V,KATAHARAGAMA.,"KATHARAGAMA M.M.V, KATAHARAGAMA., Sri Lanka",Uva,http://www.edudept.up.gov.lk/upde/,Moneragala,Thanamalvila,Thanamalwila,National,1AB,6.Grd 6-13,3.Mixed,Sinhala/English,6.5524,81.4831
343,THANAMALWILA M.M.V,THANAMALWILA.,"THANAMALWILA M.M.V, THANAMALWILA., Sri Lanka",Uva,http://www.edudept.up.gov.lk/upde/,Moneragala,Thanamalvila,Thanamalwila,National,1AB,6.Grd 6-13,3.Mixed,Sinhala/English,6.4331,81.1285
344,BUTTALA DUTUGEMUNU CENTRAL COLLEGE,BUTTALA,"BUTTALA DUTUGEMUNU CENTRAL COLLEGE, BUTTALA, Sri Lanka",Uva,http://www.edudept.up.gov.lk/upde/,Moneragala,Wellawaya,Buttala,National,1AB,6.Grd 6-13,3.Mixed,Sinhala/English,6.7615558,81.2490804
345,MALWATTAWALA M.M.V.,WELLAWAYA,"MALWATTAWALA M.M.V., WELLAWAYA, Sri Lanka",Uva,http://www.edudept.up.gov.lk/upde/,Moneragala,Wellawaya,Wellawaya,National,1AB,6.Grd 6-13,3.Mixed,Sinhala/English,6.7288,81.0917
346,BALANGODA ANANDA MAITHRIYA M.M.V.,"MIRISWATTA, BALANGODA","BALANGODA ANANDA MAITHRIYA M.M.V., MIRISWATTA, BALANGODA, Sri Lanka",Sabaragamuwa,https://moe.sg.gov.lk/,Ratnapura,Balangoda,Balangoda,National,1AB,6.Grd 6-13,3.Mixed,Sinhala/English,6.6449114,80.6964168
347,DEHIGASTALAWA JAILANI MUS M.V.,"DEHIGASTALAWA, BALANGODA","DEHIGASTALAWA JAILANI MUS M.V., DEHIGASTALAWA, BALANGODA, Sri Lanka",Sabaragamuwa,https://moe.sg.gov.lk/,Ratnapura,Balangoda,Balangoda,National,1AB,6.Grd 6-13,3.Mixed,Tamil/English,6.6403,80.7094
348,EMBILIPITIYA PRESIDENT COLLEGE,"NEW TOWN,EMBILIPITIYA","EMBILIPITIYA PRESIDENT COLLEGE, NEW TOWN,EMBILIPITIYA, Sri Lanka",Sabaragamuwa,https://moe.sg.gov.lk/,Ratnapura,Embilipitiya,Embilipitiya,National,1AB,4.Grd 1-13,3.Mixed,Sinhala/English,6.3230681,80.8463357
349,GODAKAWELA RAHULA NATIONAL SCHOOL,GODAKAWELA,"GODAKAWELA RAHULA NATIONAL SCHOOL, GODAKAWELA, Sri Lanka",Sabaragamuwa,https://moe.sg.gov.lk/,Ratnapura,Embilipitiya,Godakawela,National,1AB,6.Grd 6-13,3.Mixed,Sinhala/English,6.5042211,80.651643
350,KOLONNA NATIONAL SCHOOL.,KOLONNA,"KOLONNA NATIONAL SCHOOL., KOLONNA, Sri Lanka",Sabaragamuwa,https://moe.sg.gov.lk/,Ratnapura,Embilipitiya,Kolonna,National,1AB,6.Grd 6-13,3.Mixed,Sinhala/English,6.3998917,80.6943234
351,KALAWANA NATIONAL SCHOOL,KALAWANA,"KALAWANA NATIONAL SCHOOL, KALAWANA, Sri Lanka",Sabaragamuwa,https://moe.sg.gov.lk/,Ratnapura,Nivitigala,Kalawana,National,1AB,6.Grd 6-13,3.Mixed,Sinhala/English,6.5305212,80.4074073
352,KARAWITA NATIONAL SCHOOL,KARAWITA,"KARAWITA NATIONAL SCHOOL, KARAWITA, Sri Lanka",Sabaragamuwa,https://moe.sg.gov.lk/,Ratnapura,Nivitigala,Nivitigala,National,1AB,6.Grd 6-13,3.Mixed,Sinhala/English,6.5866,80.4219
353,EHELIYAGODA M.M.V.,EHELIYAGODA,"EHELIYAGODA M.M.V., EHELIYAGODA, Sri Lanka",Sabaragamuwa,https://moe.sg.gov.lk/,Ratnapura,Ratnapura,Eheliyagoda,National,1AB,6.Grd 6-13,3.Mixed,Sinhala/English,6.8577,80.2814
354,PELMADULLA GANKANDA CENTRAL COLLEGE,"VIDYALA MAWATHA, PELMADULLA","PELMADULLA GANKANDA CENTRAL COLLEGE, VIDYALA MAWATHA, PELMADULLA, Sri Lanka",Sabaragamuwa,https://moe.sg.gov.lk/,Ratnapura,Ratnapura,Pelmadulla,National,1AB,6.Grd 6-13,3.Mixed,Sinhala/English,7.4144134,80.5540131
355,RATNAPURA ST. ALOYSIUS NATIONAL SCHOOL,CHURCH ROAD RATNAPURA,"RATNAPURA ST. ALOYSIUS NATIONAL SCHOOL, CHURCH ROAD RATNAPURA, Sri Lanka",Sabaragamuwa,https://moe.sg.gov.lk/,Ratnapura,Ratnapura,Ratnapura,National,1AB,4.Grd 1-13,1.Boys,Sinhala/English,6.6803915,80.4019752
356,RATNAPURA FERGUSION HIGH SCHOOL,RATNAPURA,"RATNAPURA FERGUSION HIGH SCHOOL, RATNAPURA, Sri Lanka",Sabaragamuwa,https://moe.sg.gov.lk/,Ratnapura,Ratnapura,Ratnapura,National,1AB,4.Grd 1-13,2.Girls,Sinhala/Tamil/English,6.681805,80.399371
357,RATNAPURA CONVENT OF THE CHILD JESUS NATIONAL SCHOOL,RATNAPURA,"RATNAPURA CONVENT OF THE CHILD JESUS NATIONAL SCHOOL, RATNAPURA, Sri Lanka",Sabaragamuwa,https://moe.sg.gov.lk/,Ratnapura,Ratnapura,Ratnapura,National,1AB,4.Grd 1-13,2.Girls,Sinhala/Tamil/English,6.6803915,80.4019752
358,RATNAPURA SUMANA BALIKA V,"GETANGAMA, RATNAPURA","RATNAPURA SUMANA BALIKA V, GETANGAMA, RATNAPURA, Sri Lanka",Sabaragamuwa,https://moe.sg.gov.lk/,Ratnapura,Ratnapura,Ratnapura,National,1AB,6.Grd 6-13,2.Girls,Sinhala/English,6.6715,80.3882
359,RATNAPURA SEEVALEE CENTRAL COLLEGE,"HIDELLANA, RATNAPURA","RATNAPURA SEEVALEE CENTRAL COLLEGE, HIDELLANA, RATNAPURA, Sri Lanka",Sabaragamuwa,https://moe.sg.gov.lk/,Ratnapura,Ratnapura,Ratnapura,National,1AB,6.Grd 6-13,3.Mixed,Sinhala/English,6.7161,80.3795
360,DEHIOWITA NATIONAL SCHOOL,DEHIOWITA,"DEHIOWITA NATIONAL SCHOOL, DEHIOWITA, Sri Lanka",Sabaragamuwa,https://moe.sg.gov.lk/,Kegalle,Dehiowita,Dehiowita,National,1AB,6.Grd 6-13,3.Mixed,Sinhala/English,6.97369,80.26401
361,DERANIYAGALA SIRISAMAN NATIONAL SCHOOL,"VIDYALA MAWATHA, DERANIYAGALA","DERANIYAGALA SIRISAMAN NATIONAL SCHOOL, VIDYALA MAWATHA, DERANIYAGALA, Sri Lanka",Sabaragamuwa,https://moe.sg.gov.lk/,Kegalle,Dehiowita,Deraniyagala,National,1AB,6.Grd 6-13,3.Mixed,Sinhala/English,6.921481,80.3403214
362,RUWANWELLA RAJASINGHE M.M.V.,RUWANWELLA,"RUWANWELLA RAJASINGHE M.M.V., RUWANWELLA, Sri Lanka",Sabaragamuwa,https://moe.sg.gov.lk/,Kegalle,Dehiowita,Ruwanwella,National,1AB,6.Grd 6-13,3.Mixed,Sinhala/English,7.0447864,80.2539285
363,YATIYANTOTA DR. N.M. PERERA M.M.V.,YATIYANTOTA,"YATIYANTOTA DR. N.M. PERERA M.M.V., YATIYANTOTA, Sri Lanka",Sabaragamuwa,https://moe.sg.gov.lk/,Kegalle,Dehiowita,Yatiyantota,National,1AB,6.Grd 6-13,3.Mixed,Sinhala/English,7.02332,80.30125
364,PINDENIYA M.M.V,"PINDENIYA, ATALA","PINDENIYA M.M.V, PINDENIYA, ATALA, Sri Lanka",Sabaragamuwa,https://moe.sg.gov.lk/,Kegalle,Kegalle,Galigamuwa,National,1AB,6.Grd 6-13,3.Mixed,Sinhala/English,7.1596277,80.2957297
365,KEGALU VIDYALAYA,KEGALLE,"KEGALU VIDYALAYA, KEGALLE, Sri Lanka",Sabaragamuwa,https://moe.sg.gov.lk/,Kegalle,Kegalle,Kegalle,National,1AB,4.Grd 1-13,1.Boys,Sinhala/English,8.11667,79.98333
366,KEGALLE ST. MARYS COLLEGE,KEGALLE,"KEGALLE ST. MARYS COLLEGE, KEGALLE, Sri Lanka",Sabaragamuwa,https://moe.sg.gov.lk/,Kegalle,Kegalle,Kegalle,National,1AB,4.Grd 1-13,1.Boys,Sinhala/English,7.2533358,80.3490051
367,KEGALU BALIKA M.V,"BANDARANAYAKA MAWATHA,  KEGALLE","KEGALU BALIKA M.V, BANDARANAYAKA MAWATHA,  KEGALLE, Sri Lanka",Sabaragamuwa,https://moe.sg.gov.lk/,Kegalle,Kegalle,Kegalle,National,1AB,4.Grd 1-13,2.Girls,Sinhala/English,7.252197502,80.35585278
368,KEGALLE ST. JOSEPH'S BALIKA M.V.,KEGALLE,"KEGALLE ST. JOSEPH'S BALIKA M.V., KEGALLE, Sri Lanka",Sabaragamuwa,https://moe.sg.gov.lk/,Kegalle,Kegalle,Kegalle,National,1AB,4.Grd 1-13,2.Girls,Sinhala/English,7.2533358,80.3490051
369,THOLANGAMUWA DUDLEY SENANAYAKA CENTRAL COLLEGE,THOLANGAMUWA,"THOLANGAMUWA DUDLEY SENANAYAKA CENTRAL COLLEGE, THOLANGAMUWA, Sri Lanka",Sabaragamuwa,https://moe.sg.gov.lk/,Kegalle,Kegalle,Warakapola,National,1AB,4.Grd 1-13,3.Mixed,Sinhala/English,7.465717539,80.61727274
370,MAWATHAGODA RIVISANDA M.M.V.,USSAPITIYA,"MAWATHAGODA RIVISANDA M.M.V., USSAPITIYA, Sri Lanka",Sabaragamuwa,https://moe.sg.gov.lk/,Kegalle,Mawanella,Aranayaka,National,1AB,6.Grd 6-13,3.Mixed,Sinhala/English,7.2168297,80.4459454
371,MAWANELLA MAYURAPADA M.M.V.,MAWANELLA,"MAWANELLA MAYURAPADA M.M.V., MAWANELLA, Sri Lanka",Sabaragamuwa,https://moe.sg.gov.lk/,Kegalle,Mawanella,Mawanella,National,1AB,4.Grd 1-13,3.Mixed,Sinhala/English,7.2492528,80.4422685
372,MAWANELLA ZAHIRA COLLEGE,MAWANELLA,"MAWANELLA ZAHIRA COLLEGE, MAWANELLA, Sri Lanka",Sabaragamuwa,https://moe.sg.gov.lk/,Kegalle,Mawanella,Mawanella,National,1AB,4.Grd 1-13,3.Mixed,Tamil/English,7.2492528,80.4422685
373,PINNAWALA M.M.V.,RAMBUKKANA,"PINNAWALA M.M.V., RAMBUKKANA, Sri Lanka",Sabaragamuwa,https://moe.sg.gov.lk/,Kegalle,Mawanella,Rambukkana,National,1AB,6.Grd 6-13,3.Mixed,Sinhala/English,7.312403,80.3993439
